Invoice ID,Branch,City,Customer type,Gender,Product line,Unit price,Quantity,Tax 5%,Sales,Date,Time,Payment,cogs,gross margin percentage,gross income,Rating
619-37-1614,SPZ1,Soweto,Member,Female,Simba Chips 120g,17.54,2,1.754,36.834,8/26/2026,9:25:41 AM,Card,35.08,25.737090731,9.48,6.2
696-17-7499,SPZ3,Tembisa,Member,Male,Simba Chips 120g,18.35,1,0.9175,19.2675,7/30/2026,8:35:27 AM,Cash,18.35,28.804982483,5.55,5.3
285-23-4078,SPZ3,Tembisa,Normal,Male,White Star Maize Meal 2kg,35.09,3,5.2635,110.5335,9/11/2026,9:18:26 AM,Ewallet,105.27,21.957144214,24.27,7.4
699-68-6924,SPZ2,Khayelitsha,Normal,Male,Lucky Star Pilchards 400g,23.99,2,2.399,50.379,9/20/2026,4:03:39 PM,Cash,47.98,21.79479545,10.98,8.7
723-19-2934,SPZ2,Khayelitsha,Normal,Male,Chappies Bubblegum Pack,5.01,5,1.2525,26.3025,9/19/2026,10:05:36 AM,Card,25.05,34.407375725,9.05,8.4
448-98-6737,SPZ2,Khayelitsha,Normal,Female,Albany White Bread 700g,17.78,3,2.667,56.007,8/10/2026,2:26:02 PM,Cash,53.34,25.603942364,14.34,9.3
941-67-5662,SPZ3,Tembisa,Normal,Female,Albany White Bread 700g,17.04,4,3.408,71.568,9/26/2026,11:30:44 AM,Cash,68.16,22.579923988,16.16,7.9
353-60-7405,SPZ3,Tembisa,Normal,Male,Long Life Milk 1L,21.99,1,1.0995,23.0895,10/1/2026,12:10:39 PM,Cash,21.99,21.611555036,4.99,5.7
467-97-7233,SPZ2,Khayelitsha,Member,Male,White Star Maize Meal 2kg,35.67,5,8.9175,187.2675,9/4/2026,3:17:56 PM,Cash,178.35,23.148704393,43.35,5.7
249-63-9758,SPZ1,Soweto,Normal,Female,Coca-Cola 500ml,14.99,3,2.2485,47.2185,8/13/2026,10:42:14 AM,Cash,44.97,28.526954478,13.47,5.6
917-81-7428,SPZ3,Tembisa,Normal,Female,Simba Chips 120g,17.95,5,4.4875,94.2375,9/18/2026,3:39:41 PM,Card,89.75,27.324578857,25.75,9.7
715-16-2677,SPZ2,Khayelitsha,Member,Male,Lucky Star Pilchards 400g,23.38,1,1.169,24.549,8/4/2026,5:25:03 PM,Ewallet,23.38,19.878610127,4.88,5.0
455-87-6966,SPZ2,Khayelitsha,Normal,Male,Albany White Bread 700g,17.89,3,2.6835,56.3535,8/4/2026,12:39:01 PM,Cash,53.67,26.032100934,14.67,4.9
590-98-3645,SPZ2,Khayelitsha,Member,Male,Chappies Bubblegum Pack,4.88,1,0.244,5.124,9/27/2026,2:30:30 PM,Ewallet,4.88,32.786885246,1.68,6.1
812-43-9493,SPZ1,Soweto,Normal,Male,Coca-Cola 500ml,15.23,1,0.7615,15.9915,8/29/2026,6:34:58 PM,Card,15.23,29.578213426,4.73,7.9
925-40-7564,SPZ1,Soweto,Member,Male,Clover Yoghurt 175g,8.91,1,0.4455,9.3555,9/23/2026,3:34:49 PM,Ewallet,8.91,27.898027898,2.61,8.9
557-54-6974,SPZ2,Khayelitsha,Member,Male,Airtime Voucher R10,9.98,1,0.499,10.479,9/7/2026,6:01:01 PM,Cash,9.98,7.443458345,0.78,7.6
768-54-2389,SPZ2,Khayelitsha,Member,Female,Boxer Sugar 2kg,40.30,6,12.09,253.89,8/18/2026,10:21:13 AM,Ewallet,241.8,19.614793808,49.8,9.0
505-69-7576,SPZ3,Tembisa,Member,Male,Freshpak Rooibos 80s,30.52,2,3.052,64.092,9/22/2026,2:56:11 PM,Cash,61.04,23.466267241,15.04,8.8
773-54-3554,SPZ2,Khayelitsha,Member,Male,Nescafe Ricoffy 250g,56.01,1,2.8005,58.8105,10/3/2026,7:09:37 AM,Cash,56.01,22.121900001,13.01,9.0
945-37-1458,SPZ1,Soweto,Normal,Male,Clover Yoghurt 175g,9.13,1,0.4565,9.5865,9/24/2026,6:41:06 PM,Card,9.13,29.520680123,2.83,9.9
462-68-9466,SPZ3,Tembisa,Normal,Male,Airtime Voucher R10,10.03,5,2.5075,52.6575,9/8/2026,7:37:20 PM,Ewallet,50.15,7.881118549,4.15,4.4
276-28-8757,SPZ1,Soweto,Member,Male,Nescafe Ricoffy 250g,55.91,3,8.3865,176.1165,8/10/2026,3:01:55 PM,Card,167.73,21.991125193,38.73,8.7
890-22-9318,SPZ1,Soweto,Normal,Male,Long Life Milk 1L,22.51,1,1.1255,23.6355,9/18/2026,3:35:30 PM,Cash,22.51,23.31239026,5.51,5.1
619-41-9572,SPZ2,Khayelitsha,Normal,Male,Clover Yoghurt 175g,8.84,1,0.442,9.282,9/4/2026,4:32:38 PM,Card,8.84,27.364792071,2.54,7.0
410-25-3530,SPZ3,Tembisa,Normal,Male,Tastic Rice 2kg,43.85,1,2.1925,46.0425,8/8/2026,8:25:28 AM,Card,43.85,17.049465168,7.85,4.4
265-65-9447,SPZ1,Soweto,Normal,Female,Long Life Milk 1L,21.87,2,2.187,45.927,9/28/2026,2:14:47 PM,Card,43.74,21.207568533,9.74,9.9
493-52-9477,SPZ1,Soweto,Normal,Male,Five Roses Tea 100s,36.90,3,5.535,116.235,8/15/2026,12:05:46 PM,Cash,110.7,20.389727707,23.7,6.6
376-26-7918,SPZ1,Soweto,Normal,Female,Long Life Milk 1L,21.45,1,1.0725,22.5225,10/3/2026,7:14:56 PM,Cash,21.45,19.758019758,4.45,9.4
174-44-1275,SPZ2,Khayelitsha,Member,Female,Tastic Rice 2kg,43.89,1,2.1945,46.0845,9/10/2026,3:36:31 PM,Cash,43.89,17.120723888,7.89,8.1
736-26-1707,SPZ2,Khayelitsha,Member,Male,Long Life Milk 1L,21.94,2,2.194,46.074,9/14/2026,10:04:16 AM,Cash,43.88,21.443764379,9.88,7.3
612-96-3914,SPZ2,Khayelitsha,Normal,Female,Chappies Bubblegum Pack,5.04,2,0.504,10.584,8/21/2026,9:12:59 AM,Cash,10.08,34.769463341,3.68,5.2
208-94-8080,SPZ2,Khayelitsha,Normal,Female,Clover Yoghurt 175g,9.03,1,0.4515,9.4815,10/3/2026,7:00:01 AM,Ewallet,9.03,28.792912514,2.73,6.8
455-16-3126,SPZ2,Khayelitsha,Member,Male,Lucky Star Pilchards 400g,24.48,4,4.896,102.816,8/25/2026,10:14:21 AM,Ewallet,97.92,23.2648615,23.92,7.8
388-86-4968,SPZ3,Tembisa,Normal,Male,Simba Chips 120g,17.55,5,4.3875,92.1375,9/21/2026,11:27:10 AM,Card,87.75,25.776692443,23.75,9.2
350-14-6071,SPZ2,Khayelitsha,Member,Female,Airtime Voucher R10,9.92,2,0.992,20.832,8/14/2026,11:28:00 AM,Cash,19.84,6.912442396,1.44,9.9
193-43-2470,SPZ1,Soweto,Member,Female,Airtime Voucher R10,10.00,1,0.5,10.5,7/9/2026,1:05:30 PM,Ewallet,10.0,7.619047619,0.8,7.0
773-86-7381,SPZ1,Soweto,Normal,Female,Sunlight Dishwashing 400ml,19.50,8,7.8,163.8,7/25/2026,7:19:19 AM,Cash,156.0,21.978021978,36.0,9.1
851-99-9282,SPZ2,Khayelitsha,Member,Male,Simba Chips 120g,18.35,4,3.67,77.07,8/23/2026,4:41:09 PM,Ewallet,73.4,28.804982483,22.2,7.1
485-67-1831,SPZ1,Soweto,Member,Male,Sunlight Dishwashing 400ml,19.50,1,0.975,20.475,9/13/2026,6:43:44 PM,Card,19.5,21.978021978,4.5,7.8
854-70-5131,SPZ3,Tembisa,Member,Female,Clover Yoghurt 175g,9.21,1,0.4605,9.6705,8/21/2026,2:51:04 PM,Cash,9.21,30.091515434,2.91,7.2
394-15-4248,SPZ3,Tembisa,Member,Male,Nescafe Ricoffy 250g,54.98,2,5.498,115.458,9/21/2026,10:14:47 AM,Card,109.96,20.752134975,23.96,6.9
788-22-4566,SPZ2,Khayelitsha,Normal,Female,Peermont Cigarettes Single,4.02,1,0.201,4.221,8/20/2026,6:44:19 PM,Ewallet,4.02,24.164889837,1.02,4.4
584-12-5744,SPZ1,Soweto,Normal,Male,Long Life Milk 1L,22.65,2,2.265,47.565,9/8/2026,2:29:29 PM,Ewallet,45.3,23.756964154,11.3,5.9
245-77-5289,SPZ1,Soweto,Normal,Male,Lucky Star Pilchards 400g,24.60,6,7.38,154.98,10/2/2026,2:17:24 PM,Ewallet,147.6,23.615950445,36.6,4.4
503-13-3606,SPZ2,Khayelitsha,Member,Female,Long Life Milk 1L,22.27,1,1.1135,23.3835,9/25/2026,3:17:56 PM,Ewallet,22.27,22.537259178,5.27,9.4
432-53-7525,SPZ1,Soweto,Member,Male,Freshpak Rooibos 80s,29.72,2,2.972,62.412,9/4/2026,11:46:09 AM,Ewallet,59.44,21.534320323,13.44,9.0
469-64-5508,SPZ1,Soweto,Member,Female,Five Roses Tea 100s,37.01,2,3.701,77.721,7/16/2026,6:18:16 PM,Cash,74.02,20.612189756,16.02,9.2
891-57-8008,SPZ1,Soweto,Member,Female,White Star Maize Meal 2kg,34.47,1,1.7235,36.1935,7/27/2026,5:18:40 PM,Ewallet,34.47,20.639065025,7.47,7.1
597-16-3085,SPZ2,Khayelitsha,Member,Female,Freshpak Rooibos 80s,29.91,4,5.982,125.622,9/10/2026,6:05:03 PM,Card,119.64,22.002515483,27.64,7.9
503-25-3741,SPZ3,Tembisa,Member,Male,Airtime Voucher R10,9.94,1,0.497,10.437,8/28/2026,11:16:47 AM,Cash,9.94,7.090160008,0.74,6.9
242-80-4152,SPZ2,Khayelitsha,Member,Male,Sunlight Dishwashing 400ml,19.94,2,1.994,41.874,9/7/2026,7:31:35 PM,Cash,39.88,23.594593304,9.88,8.6
991-62-7272,SPZ3,Tembisa,Normal,Male,Five Roses Tea 100s,37.45,3,5.6175,117.9675,8/28/2026,8:20:15 AM,Card,112.35,21.48896942,25.35,9.3
744-37-2517,SPZ3,Tembisa,Normal,Male,Airtime Voucher R10,10.04,2,1.004,21.084,8/22/2026,7:03:31 PM,Card,20.08,7.96812749,1.68,8.1
701-72-1002,SPZ2,Khayelitsha,Member,Female,Coca-Cola 500ml,14.66,2,1.466,30.786,9/1/2026,2:27:19 PM,Ewallet,29.32,27.025271227,8.32,8.6
945-99-8492,SPZ1,Soweto,Member,Male,Long Life Milk 1L,21.64,1,1.082,22.722,9/27/2026,2:15:50 PM,Cash,21.64,20.420737611,4.64,9.8
640-91-8166,SPZ2,Khayelitsha,Member,Male,Simba Chips 120g,18.16,2,1.816,38.136,9/23/2026,10:36:58 AM,Cash,36.32,28.109922383,10.72,4.8
571-45-6183,SPZ2,Khayelitsha,Member,Female,Airtime Voucher R10,9.83,3,1.4745,30.9645,8/24/2026,4:12:24 PM,Ewallet,29.49,6.103763988,1.89,4.1
530-20-5214,SPZ3,Tembisa,Member,Female,Chappies Bubblegum Pack,4.87,1,0.2435,5.1135,8/19/2026,10:01:26 AM,Card,4.87,32.658648675,1.67,9.3
856-74-2104,SPZ2,Khayelitsha,Member,Female,Freshpak Rooibos 80s,29.75,2,2.975,62.475,8/18/2026,7:44:21 AM,Cash,59.5,21.608643457,13.5,4.0
607-88-4068,SPZ3,Tembisa,Member,Female,Nescafe Ricoffy 250g,54.08,4,10.816,227.136,8/25/2026,8:12:14 PM,Card,216.32,19.512538743,44.32,5.8
153-17-4016,SPZ2,Khayelitsha,Normal,Female,Koo Baked Beans 410g,15.57,1,0.7785,16.3485,9/29/2026,7:38:09 AM,Ewallet,15.57,24.895250329,4.07,7.6
578-14-6108,SPZ3,Tembisa,Normal,Female,Omo Washing Powder 500g,27.71,1,1.3855,29.0955,9/28/2026,6:07:05 PM,Card,27.71,23.06198553,6.71,9.6
877-36-7228,SPZ3,Tembisa,Normal,Female,Airtime Voucher R10,9.75,2,0.975,20.475,9/4/2026,8:00:05 AM,Card,19.5,5.372405372,1.1,9.3
585-13-7730,SPZ3,Tembisa,Member,Female,Five Roses Tea 100s,38.09,2,3.809,79.989,8/2/2026,6:30:12 PM,Cash,76.18,22.728125117,18.18,5.9
471-44-6488,SPZ2,Khayelitsha,Member,Female,Simba Chips 120g,17.74,4,3.548,74.508,8/30/2026,2:04:51 PM,Ewallet,70.96,26.520642079,19.76,9.4
166-13-4831,SPZ3,Tembisa,Member,Female,Chappies Bubblegum Pack,4.85,4,0.97,20.37,9/20/2026,12:59:17 PM,Ewallet,19.4,32.400589102,6.6,9.5
287-11-5969,SPZ2,Khayelitsha,Member,Male,Airtime Voucher R10,10.25,5,2.5625,53.8125,10/2/2026,7:24:50 PM,Card,51.25,9.756097561,5.25,4.8
517-18-1554,SPZ1,Soweto,Normal,Female,Peermont Cigarettes Single,3.90,1,0.195,4.095,9/27/2026,2:23:50 PM,Cash,3.9,21.978021978,0.9,8.5
557-32-4837,SPZ3,Tembisa,Member,Female,Peermont Cigarettes Single,3.90,1,0.195,4.095,10/3/2026,8:04:16 AM,Card,3.9,21.978021978,0.9,7.0
400-45-5385,SPZ2,Khayelitsha,Normal,Female,Joko Tea 100s,33.69,3,5.0535,106.1235,9/15/2026,5:15:47 PM,Ewallet,101.07,24.565718243,26.07,4.7
434-18-7489,SPZ1,Soweto,Normal,Male,Sunlight Dishwashing 400ml,19.68,1,0.984,20.664,8/21/2026,2:15:11 PM,Ewallet,19.68,22.648083624,4.68,9.4
960-67-7125,SPZ1,Soweto,Member,Female,Nescafe Ricoffy 250g,56.62,1,2.831,59.451,9/9/2026,5:51:06 PM,Cash,56.62,22.909623051,13.62,6.8
559-87-5258,SPZ1,Soweto,Member,Male,Russell's Polony 500g,25.52,1,1.276,26.796,8/6/2026,10:38:52 AM,Ewallet,25.52,22.466039707,6.02,7.1
139-86-4333,SPZ2,Khayelitsha,Member,Female,Simba Chips 120g,17.86,1,0.893,18.753,9/13/2026,4:22:13 PM,Card,17.86,26.982349491,5.06,5.2
517-22-7476,SPZ1,Soweto,Member,Male,Albany White Bread 700g,17.19,4,3.438,72.198,9/18/2026,9:39:19 AM,Ewallet,68.76,23.213939444,16.76,7.3
680-55-7784,SPZ3,Tembisa,Normal,Male,Chappies Bubblegum Pack,5.05,2,0.505,10.605,8/12/2026,6:17:26 PM,Card,10.1,34.889203206,3.7,4.3
940-21-7655,SPZ1,Soweto,Normal,Female,Lucky Star Pilchards 400g,24.64,2,2.464,51.744,9/16/2026,1:46:25 PM,Cash,49.28,23.732220161,12.28,4.9
275-28-6700,SPZ3,Tembisa,Normal,Male,Koo Baked Beans 410g,15.61,3,2.3415,49.1715,8/8/2026,7:35:09 AM,Ewallet,46.83,25.075501052,12.33,6.2
229-15-8909,SPZ2,Khayelitsha,Normal,Male,Boxer Sugar 2kg,40.61,4,8.122,170.562,8/12/2026,8:06:24 AM,Ewallet,162.44,20.192070918,34.44,8.8
735-61-4213,SPZ1,Soweto,Normal,Male,Peermont Cigarettes Single,4.05,6,1.215,25.515,9/30/2026,1:05:57 PM,Ewallet,24.3,24.691358025,6.3,7.8
142-81-1624,SPZ1,Soweto,Normal,Male,Koo Baked Beans 410g,15.86,1,0.793,16.653,8/17/2026,1:33:10 PM,Card,15.86,26.181468804,4.36,9.8
774-57-8320,SPZ2,Khayelitsha,Normal,Male,Chappies Bubblegum Pack,5.04,2,0.504,10.584,9/13/2026,3:54:40 PM,Cash,10.08,34.769463341,3.68,5.5
929-70-7559,SPZ1,Soweto,Member,Male,Nescafe Ricoffy 250g,55.87,4,11.174,234.654,7/12/2026,2:29:15 PM,Cash,223.48,21.93868419,51.48,6.7
184-50-9380,SPZ1,Soweto,Member,Male,Nescafe Ricoffy 250g,55.01,3,8.2515,173.2815,8/29/2026,12:05:51 PM,Ewallet,165.03,20.792756295,36.03,4.2
298-26-9058,SPZ1,Soweto,Normal,Male,Coca-Cola 500ml,15.32,10,7.66,160.86,9/29/2026,5:50:08 PM,Ewallet,153.2,29.963943802,48.2,8.4
381-68-3352,SPZ3,Tembisa,Normal,Female,Five Roses Tea 100s,38.25,1,1.9125,40.1625,9/24/2026,10:04:53 AM,Cash,38.25,23.031434796,9.25,5.9
384-96-6371,SPZ3,Tembisa,Normal,Male,Tastic Rice 2kg,44.66,1,2.233,46.893,9/13/2026,4:32:15 PM,Card,44.66,18.467575118,8.66,6.4
207-42-9776,SPZ3,Tembisa,Normal,Female,Five Roses Tea 100s,39.06,2,3.906,82.026,8/6/2026,3:03:40 PM,Card,78.12,24.528807939,20.12,7.1
861-16-5855,SPZ3,Tembisa,Normal,Female,Five Roses Tea 100s,37.61,1,1.8805,39.4905,8/30/2026,12:36:09 PM,Ewallet,37.61,21.802712045,8.61,5.4
730-90-8081,SPZ2,Khayelitsha,Normal,Female,Tastic Rice 2kg,45.63,4,9.126,191.646,10/2/2026,8:37:59 PM,Cash,182.52,20.099558561,38.52,5.3
635-55-9750,SPZ1,Soweto,Member,Female,Simba Chips 120g,17.48,1,0.874,18.354,8/8/2026,10:39:41 AM,Ewallet,17.48,25.498528931,4.68,6.1
824-29-8386,SPZ1,Soweto,Member,Male,Peermont Cigarettes Single,4.08,1,0.204,4.284,8/24/2026,9:13:23 AM,Ewallet,4.08,25.210084034,1.08,4.1
458-86-8270,SPZ3,Tembisa,Normal,Male,Koo Baked Beans 410g,16.30,8,6.52,136.92,8/9/2026,5:50:17 PM,Cash,130.4,28.045574058,38.4,4.3
112-88-4231,SPZ1,Soweto,Member,Female,Coca-Cola 500ml,14.92,1,0.746,15.666,9/29/2026,7:03:34 AM,Cash,14.92,28.213966552,4.42,4.4
740-16-8830,SPZ2,Khayelitsha,Member,Female,Freshpak Rooibos 80s,30.56,1,1.528,32.088,9/9/2026,5:32:41 PM,Card,30.56,23.560209424,7.56,5.9
139-25-6497,SPZ3,Tembisa,Normal,Male,Nescafe Ricoffy 250g,53.93,10,26.965,566.265,9/21/2026,2:05:47 PM,Card,539.3,19.301916947,109.3,5.6
187-74-1249,SPZ1,Soweto,Member,Female,Clover Yoghurt 175g,9.25,1,0.4625,9.7125,9/15/2026,5:27:43 PM,Cash,9.25,30.373230373,2.95,9.6
972-90-9787,SPZ2,Khayelitsha,Normal,Female,Tastic Rice 2kg,44.17,2,4.417,92.757,9/26/2026,10:10:47 AM,Ewallet,88.34,17.61592117,16.34,7.6
699-19-3810,SPZ3,Tembisa,Member,Male,Sunlight Dishwashing 400ml,20.08,2,2.008,42.168,9/19/2026,8:01:27 PM,Cash,40.16,24.094099791,10.16,5.3
809-92-1698,SPZ1,Soweto,Member,Male,Five Roses Tea 100s,39.09,4,7.818,164.178,8/5/2026,4:59:10 PM,Cash,156.36,24.583074468,40.36,4.2
493-23-5039,SPZ3,Tembisa,Member,Male,Joko Tea 100s,33.77,1,1.6885,35.4585,9/27/2026,7:23:12 PM,Cash,33.77,24.73313874,8.77,9.2
235-22-4358,SPZ1,Soweto,Normal,Female,Albany White Bread 700g,17.84,3,2.676,56.196,7/23/2026,8:58:51 PM,Card,53.52,25.838137946,14.52,5.7
615-70-5712,SPZ3,Tembisa,Member,Female,Chappies Bubblegum Pack,4.86,4,0.972,20.412,9/2/2026,7:22:16 AM,Cash,19.44,32.529884382,6.64,9.5
688-46-3791,SPZ1,Soweto,Normal,Male,Boxer Sugar 2kg,40.49,2,4.049,85.029,9/3/2026,7:06:22 PM,Ewallet,80.98,19.969657411,16.98,5.3
606-85-6688,SPZ1,Soweto,Normal,Male,Coca-Cola 500ml,14.86,1,0.743,15.603,8/16/2026,7:48:03 PM,Card,14.86,27.943344229,4.36,8.2
674-23-6351,SPZ3,Tembisa,Normal,Male,Omo Washing Powder 500g,27.34,3,4.101,86.121,9/25/2026,6:14:31 PM,Card,82.02,22.085205699,19.02,4.5
613-31-7214,SPZ3,Tembisa,Member,Female,Coca-Cola 500ml,14.88,2,1.488,31.248,9/30/2026,6:05:27 PM,Cash,29.76,28.033794163,8.76,6.6
988-67-6297,SPZ1,Soweto,Member,Female,Peermont Cigarettes Single,4.04,2,0.404,8.484,9/9/2026,7:44:48 PM,Card,8.08,24.516737388,2.08,6.0
296-44-5939,SPZ3,Tembisa,Member,Male,White Star Maize Meal 2kg,34.65,3,5.1975,109.1475,9/18/2026,11:37:14 AM,Cash,103.95,21.026592455,22.95,8.2
204-31-2665,SPZ3,Tembisa,Member,Female,Omo Washing Powder 500g,27.56,8,11.024,231.504,9/20/2026,4:33:22 PM,Cash,220.48,22.669154745,52.48,5.6
387-36-7362,SPZ1,Soweto,Normal,Male,Chappies Bubblegum Pack,4.98,1,0.249,5.229,10/3/2026,7:19:46 PM,Cash,4.98,34.040925607,1.78,7.8
363-87-7630,SPZ1,Soweto,Member,Male,Sunlight Dishwashing 400ml,20.00,3,3.0,63.0,9/1/2026,7:27:44 PM,Card,60.0,23.80952381,15.0,6.8
816-84-4745,SPZ3,Tembisa,Member,Male,Freshpak Rooibos 80s,30.62,3,4.593,96.453,9/19/2026,4:47:41 PM,Card,91.86,23.700662499,22.86,7.9
744-30-5096,SPZ3,Tembisa,Normal,Female,Long Life Milk 1L,22.52,1,1.126,23.646,9/3/2026,11:40:44 AM,Card,22.52,23.344328851,5.52,6.4
208-14-5116,SPZ2,Khayelitsha,Member,Male,Omo Washing Powder 500g,28.66,2,2.866,60.186,7/19/2026,8:26:33 PM,Ewallet,57.32,25.454424617,15.32,4.1
624-12-7060,SPZ2,Khayelitsha,Normal,Female,Long Life Milk 1L,22.46,2,2.246,47.166,9/23/2026,10:33:22 AM,Ewallet,44.92,23.152270703,10.92,5.2
464-91-1927,SPZ3,Tembisa,Normal,Female,Koo Baked Beans 410g,16.01,6,4.803,100.863,10/1/2026,10:43:11 AM,Card,96.06,26.828470301,27.06,8.4
329-48-7561,SPZ1,Soweto,Member,Female,Freshpak Rooibos 80s,30.23,3,4.5345,95.2245,9/1/2026,7:04:26 AM,Card,90.69,22.777751524,21.69,7.5
838-38-3396,SPZ3,Tembisa,Normal,Female,Albany White Bread 700g,17.83,3,2.6745,56.1645,8/16/2026,9:59:49 AM,Card,53.49,25.799214807,14.49,6.8
373-58-5154,SPZ1,Soweto,Normal,Male,White Star Maize Meal 2kg,35.59,2,3.559,74.739,10/3/2026,7:35:41 PM,Card,71.18,22.986660244,17.18,8.7
738-91-2399,SPZ2,Khayelitsha,Normal,Male,Five Roses Tea 100s,37.42,2,3.742,78.582,7/11/2026,6:51:17 PM,Card,74.84,21.429843985,16.84,6.9
748-84-1245,SPZ2,Khayelitsha,Member,Male,Russell's Polony 500g,26.63,4,5.326,111.846,9/27/2026,7:05:52 AM,Cash,106.52,25.499347317,28.52,4.8
903-29-4416,SPZ2,Khayelitsha,Normal,Male,Russell's Polony 500g,25.44,1,1.272,26.712,9/17/2026,11:38:06 AM,Ewallet,25.44,22.237196765,5.94,8.7
318-77-2288,SPZ3,Tembisa,Normal,Male,Joko Tea 100s,33.57,5,8.3925,176.2425,9/29/2026,4:50:05 PM,Ewallet,167.85,24.313091337,42.85,5.2
817-72-5039,SPZ1,Soweto,Normal,Male,White Star Maize Meal 2kg,34.94,3,5.241,110.061,8/6/2026,1:14:52 PM,Ewallet,104.82,21.64254368,23.82,6.9
483-64-7861,SPZ2,Khayelitsha,Member,Male,Tastic Rice 2kg,44.91,3,6.7365,141.4665,9/13/2026,6:00:10 PM,Ewallet,134.73,18.894932723,26.73,8.0
622-71-8940,SPZ1,Soweto,Member,Male,Peermont Cigarettes Single,3.89,4,0.778,16.338,8/29/2026,5:01:01 PM,Cash,15.56,21.789692741,3.56,10.0
667-36-5655,SPZ3,Tembisa,Normal,Female,Long Life Milk 1L,22.48,2,2.248,47.208,9/20/2026,5:08:21 PM,Card,44.96,23.216403999,10.96,6.8
993-74-6649,SPZ2,Khayelitsha,Member,Female,Chappies Bubblegum Pack,4.96,2,0.496,10.416,8/20/2026,7:52:18 AM,Cash,9.92,33.794162826,3.52,6.0
508-80-7652,SPZ1,Soweto,Member,Female,White Star Maize Meal 2kg,35.18,3,5.277,110.817,8/27/2026,12:45:19 PM,Card,105.54,22.144616801,24.54,8.7
726-58-3409,SPZ3,Tembisa,Member,Male,Boxer Sugar 2kg,40.26,3,6.039,126.819,8/5/2026,7:12:52 AM,Cash,120.78,19.539658884,24.78,8.7
771-11-7043,SPZ1,Soweto,Member,Female,Omo Washing Powder 500g,27.33,1,1.3665,28.6965,9/17/2026,2:40:48 PM,Ewallet,27.33,22.058439182,6.33,4.2
155-73-9554,SPZ3,Tembisa,Member,Male,Freshpak Rooibos 80s,29.16,1,1.458,30.618,9/19/2026,8:19:11 PM,Card,29.16,20.118884316,6.16,7.4
259-70-7757,SPZ3,Tembisa,Member,Male,Coca-Cola 500ml,15.16,3,2.274,47.754,9/12/2026,1:28:04 PM,Ewallet,45.48,29.275034552,13.98,10.0
323-25-3113,SPZ1,Soweto,Normal,Male,Freshpak Rooibos 80s,29.11,3,4.3665,91.6965,9/6/2026,9:40:00 AM,Card,87.33,19.989857846,18.33,4.7
976-28-2381,SPZ3,Tembisa,Normal,Female,Omo Washing Powder 500g,28.71,2,2.871,60.291,9/20/2026,10:28:46 AM,Card,57.42,25.57595661,15.42,8.5
181-59-6096,SPZ3,Tembisa,Normal,Male,Simba Chips 120g,17.47,1,0.8735,18.3435,9/17/2026,11:58:03 AM,Card,17.47,25.458609317,4.67,7.9
471-92-3687,SPZ1,Soweto,Normal,Female,Nescafe Ricoffy 250g,54.90,1,2.745,57.645,9/14/2026,12:23:36 PM,Card,54.9,20.643594414,11.9,9.8
820-86-6440,SPZ3,Tembisa,Member,Male,Russell's Polony 500g,25.74,1,1.287,27.027,9/23/2026,2:17:50 PM,Ewallet,25.74,23.088023088,6.24,7.7
926-67-5641,SPZ1,Soweto,Member,Female,Sunlight Dishwashing 400ml,19.85,3,2.9775,62.5275,9/26/2026,4:27:56 PM,Card,59.55,23.269761305,14.55,7.6
250-45-9975,SPZ3,Tembisa,Normal,Female,Simba Chips 120g,17.77,1,0.8885,18.6585,8/22/2026,9:37:58 AM,Ewallet,17.77,26.636653536,4.97,9.3
416-87-1943,SPZ1,Soweto,Normal,Female,Koo Baked Beans 410g,15.71,4,3.142,65.982,8/1/2026,3:31:51 PM,Ewallet,62.84,25.522112091,16.84,9.6
890-18-4815,SPZ2,Khayelitsha,Normal,Female,Coca-Cola 500ml,15.26,2,1.526,32.046,8/16/2026,11:37:48 AM,Ewallet,30.52,29.707295762,9.52,4.5
471-83-6880,SPZ2,Khayelitsha,Normal,Male,Lucky Star Pilchards 400g,23.59,1,1.1795,24.7695,8/26/2026,3:37:12 PM,Cash,23.59,20.549466077,5.09,8.8
711-13-6651,SPZ2,Khayelitsha,Normal,Male,Long Life Milk 1L,21.83,2,2.183,45.843,7/25/2026,2:23:55 PM,Cash,43.66,21.071919377,9.66,4.5
536-22-8321,SPZ2,Khayelitsha,Member,Female,Boxer Sugar 2kg,40.21,1,2.0105,42.2205,7/23/2026,8:55:36 PM,Cash,40.21,19.445530015,8.21,9.6
598-18-7510,SPZ2,Khayelitsha,Member,Male,Coca-Cola 500ml,14.60,3,2.19,45.99,8/27/2026,9:24:05 AM,Card,43.8,26.744944553,12.3,9.2
838-38-3820,SPZ1,Soweto,Member,Female,Clover Yoghurt 175g,8.94,2,0.894,18.774,8/26/2026,10:41:05 AM,Card,17.88,28.124001278,5.28,5.0
157-22-3372,SPZ2,Khayelitsha,Normal,Male,Simba Chips 120g,17.74,2,1.774,37.254,7/28/2026,3:57:01 PM,Cash,35.48,26.520642079,9.88,8.4
499-25-7143,SPZ2,Khayelitsha,Normal,Female,Nescafe Ricoffy 250g,55.85,1,2.7925,58.6425,9/18/2026,11:37:37 AM,Cash,55.85,21.91243552,12.85,5.9
952-38-2274,SPZ1,Soweto,Normal,Male,Coca-Cola 500ml,14.97,6,4.491,94.311,9/4/2026,7:09:58 PM,Card,89.82,28.437828037,26.82,8.8
218-90-6997,SPZ2,Khayelitsha,Member,Female,Albany White Bread 700g,17.45,2,1.745,36.645,10/2/2026,1:53:01 PM,Cash,34.9,24.287078728,8.9,8.9
521-41-3550,SPZ2,Khayelitsha,Member,Female,Joko Tea 100s,33.77,2,3.377,70.917,9/21/2026,9:45:28 AM,Ewallet,67.54,24.73313874,17.54,4.9
257-75-1931,SPZ1,Soweto,Member,Female,Airtime Voucher R10,9.99,2,0.999,20.979,9/26/2026,12:51:10 PM,Card,19.98,7.531340865,1.58,9.4
499-47-7809,SPZ1,Soweto,Member,Male,Freshpak Rooibos 80s,30.88,10,15.44,324.24,8/6/2026,7:12:23 PM,Ewallet,308.8,24.302985443,78.8,9.6
908-77-5692,SPZ1,Soweto,Member,Female,Nescafe Ricoffy 250g,56.01,2,5.601,117.621,10/3/2026,9:40:01 AM,Card,112.02,22.121900001,26.02,4.8
828-32-4222,SPZ1,Soweto,Member,Male,Russell's Polony 500g,25.50,5,6.375,133.875,7/24/2026,1:13:17 PM,Ewallet,127.5,22.408963585,30.0,7.1
696-49-4314,SPZ1,Soweto,Member,Male,Lucky Star Pilchards 400g,23.48,3,3.522,73.962,9/21/2026,7:17:11 PM,Ewallet,70.44,20.199561937,14.94,7.8
985-73-2479,SPZ3,Tembisa,Member,Female,Simba Chips 120g,18.02,2,1.802,37.842,9/21/2026,1:53:46 PM,Card,36.04,27.588393848,10.44,5.7
480-83-1076,SPZ3,Tembisa,Normal,Female,Omo Washing Powder 500g,28.11,10,14.055,295.155,8/8/2026,5:17:15 PM,Ewallet,281.1,24.089037963,71.1,4.2
398-23-9106,SPZ1,Soweto,Normal,Male,Tastic Rice 2kg,45.75,5,11.4375,240.1875,7/30/2026,12:45:15 PM,Ewallet,228.75,20.296643247,48.75,7.5
668-13-1318,SPZ2,Khayelitsha,Member,Male,Albany White Bread 700g,17.21,1,0.8605,18.0705,9/24/2026,9:01:15 AM,Card,17.21,23.2976398,4.21,4.6
834-32-1740,SPZ1,Soweto,Normal,Male,Nescafe Ricoffy 250g,55.08,4,11.016,231.336,7/18/2026,4:40:36 PM,Card,220.32,20.887367293,48.32,4.6
332-39-3412,SPZ3,Tembisa,Normal,Female,Long Life Milk 1L,21.50,2,2.15,45.15,9/7/2026,3:48:17 PM,Cash,43.0,19.933554817,9.0,4.8
895-56-6546,SPZ1,Soweto,Normal,Male,Freshpak Rooibos 80s,30.17,3,4.5255,95.0355,10/1/2026,7:40:24 AM,Card,90.51,22.633647426,21.51,4.2
250-97-6790,SPZ3,Tembisa,Member,Female,Tastic Rice 2kg,45.85,5,11.4625,240.7125,9/20/2026,8:36:51 PM,Ewallet,229.25,20.460092434,49.25,4.3
330-27-7893,SPZ1,Soweto,Normal,Female,Omo Washing Powder 500g,27.28,2,2.728,57.288,9/15/2026,12:06:33 PM,Ewallet,54.56,21.924312247,12.56,7.0
925-14-2646,SPZ3,Tembisa,Normal,Male,Peermont Cigarettes Single,3.94,3,0.591,12.411,7/26/2026,7:02:55 AM,Ewallet,11.82,22.721779067,2.82,5.6
626-44-2384,SPZ3,Tembisa,Normal,Male,Long Life Milk 1L,21.74,3,3.261,68.481,7/17/2026,10:02:18 AM,Card,65.22,20.76488369,14.22,4.7
659-46-8440,SPZ3,Tembisa,Member,Female,Freshpak Rooibos 80s,30.14,1,1.507,31.647,8/7/2026,9:56:18 AM,Cash,30.14,22.561380226,7.14,8.4
348-52-4630,SPZ1,Soweto,Member,Female,Joko Tea 100s,32.61,2,3.261,68.481,9/10/2026,12:29:57 PM,Ewallet,65.22,22.22514274,15.22,8.9
402-17-1356,SPZ1,Soweto,Member,Male,Sunlight Dishwashing 400ml,19.79,2,1.979,41.559,9/1/2026,12:10:55 PM,Ewallet,39.58,23.051565245,9.58,5.6
633-38-3531,SPZ1,Soweto,Normal,Female,Clover Yoghurt 175g,8.94,2,0.894,18.774,9/28/2026,2:42:03 PM,Ewallet,17.88,28.124001278,5.28,8.4
976-70-5402,SPZ3,Tembisa,Member,Female,Peermont Cigarettes Single,4.08,5,1.02,21.42,8/28/2026,5:12:39 PM,Cash,20.4,25.210084034,5.4,7.1
970-45-2819,SPZ2,Khayelitsha,Normal,Female,Long Life Milk 1L,22.00,8,8.8,184.8,7/12/2026,7:35:37 PM,Ewallet,176.0,21.645021645,40.0,7.4
106-73-7236,SPZ2,Khayelitsha,Normal,Female,Five Roses Tea 100s,37.75,3,5.6625,118.9125,9/5/2026,6:22:18 PM,Cash,113.25,22.075055188,26.25,6.3
431-87-4975,SPZ2,Khayelitsha,Normal,Male,Russell's Polony 500g,25.81,1,1.2905,27.1005,9/10/2026,7:09:27 PM,Card,25.81,23.283703253,6.31,8.9
651-89-8162,SPZ2,Khayelitsha,Normal,Female,Airtime Voucher R10,10.04,2,1.004,21.084,9/29/2026,7:01:03 AM,Card,20.08,7.96812749,1.68,9.5
519-57-9206,SPZ1,Soweto,Normal,Male,Nescafe Ricoffy 250g,56.48,3,8.472,177.912,8/29/2026,4:43:22 PM,Cash,169.44,22.730338594,40.44,7.2
935-21-3797,SPZ3,Tembisa,Normal,Female,Peermont Cigarettes Single,4.10,3,0.615,12.915,10/2/2026,2:25:28 PM,Card,12.3,25.551684088,3.3,8.1
530-90-3562,SPZ3,Tembisa,Normal,Male,Omo Washing Powder 500g,27.35,6,8.205,172.305,10/3/2026,8:19:32 PM,Ewallet,164.1,22.111952642,38.1,8.1
840-15-7740,SPZ3,Tembisa,Member,Male,Russell's Polony 500g,26.16,2,2.616,54.936,9/29/2026,1:11:03 PM,Card,52.32,24.246395806,13.32,10.0
301-32-9156,SPZ1,Soweto,Normal,Male,Chappies Bubblegum Pack,4.97,1,0.2485,5.2185,9/20/2026,3:00:58 PM,Ewallet,4.97,33.917792469,1.77,4.1
274-76-9035,SPZ1,Soweto,Normal,Female,Omo Washing Powder 500g,28.03,2,2.803,58.863,8/15/2026,4:07:09 PM,Cash,56.06,23.885972512,14.06,4.2
373-90-2629,SPZ1,Soweto,Member,Female,Tastic Rice 2kg,44.04,1,2.202,46.242,9/16/2026,5:49:37 PM,Cash,44.04,17.386791229,8.04,5.7
155-89-4904,SPZ2,Khayelitsha,Member,Male,Sunlight Dishwashing 400ml,20.47,3,3.0705,64.4805,9/4/2026,1:01:03 PM,Cash,61.41,25.449554516,16.41,9.8
717-42-9119,SPZ2,Khayelitsha,Member,Male,Tastic Rice 2kg,43.67,5,10.9175,229.2675,8/11/2026,4:54:11 PM,Ewallet,218.35,16.727185493,38.35,6.7
189-32-3784,SPZ1,Soweto,Normal,Female,Freshpak Rooibos 80s,29.66,5,7.415,155.715,8/31/2026,6:37:14 PM,Cash,148.3,21.385223004,33.3,6.9
766-18-3019,SPZ2,Khayelitsha,Normal,Female,Five Roses Tea 100s,37.12,2,3.712,77.952,7/14/2026,11:25:35 AM,Ewallet,74.24,20.833333333,16.24,6.3
924-29-4961,SPZ2,Khayelitsha,Member,Male,Five Roses Tea 100s,37.40,1,1.87,39.27,8/20/2026,10:29:18 AM,Cash,37.4,21.390374332,8.4,8.0
476-55-4546,SPZ1,Soweto,Normal,Female,Joko Tea 100s,32.89,5,8.2225,172.6725,8/22/2026,8:50:08 PM,Ewallet,164.45,22.846718499,39.45,8.8
367-86-8214,SPZ3,Tembisa,Normal,Male,Clover Yoghurt 175g,8.84,5,2.21,46.41,10/2/2026,10:19:30 AM,Card,44.2,27.364792071,12.7,8.1
890-59-1470,SPZ3,Tembisa,Member,Female,Long Life Milk 1L,22.23,1,1.1115,23.3415,9/14/2026,10:08:55 AM,Cash,22.23,22.406443459,5.23,9.1
470-74-5865,SPZ3,Tembisa,Member,Male,Sunlight Dishwashing 400ml,19.79,3,2.9685,62.3385,8/31/2026,8:44:11 AM,Ewallet,59.37,23.051565245,14.37,4.7
743-26-5530,SPZ3,Tembisa,Member,Male,Koo Baked Beans 410g,15.79,2,1.579,33.159,8/25/2026,10:18:08 AM,Card,31.58,25.875327965,8.58,9.5
460-90-2600,SPZ2,Khayelitsha,Member,Female,Freshpak Rooibos 80s,29.15,4,5.83,122.43,9/18/2026,5:44:22 PM,Cash,116.6,20.093114433,24.6,6.8
259-58-1642,SPZ2,Khayelitsha,Normal,Male,Simba Chips 120g,17.90,3,2.685,56.385,8/22/2026,4:46:14 PM,Ewallet,53.7,27.134876297,15.3,6.6
100-24-5691,SPZ2,Khayelitsha,Member,Male,Clover Yoghurt 175g,8.87,2,0.887,18.627,9/26/2026,4:31:45 PM,Cash,17.74,27.594352284,5.14,8.1
811-60-4617,SPZ2,Khayelitsha,Normal,Male,Lucky Star Pilchards 400g,24.40,2,2.44,51.24,9/18/2026,7:50:20 AM,Card,48.8,23.028883685,11.8,9.5
740-67-9333,SPZ3,Tembisa,Member,Male,Tastic Rice 2kg,45.52,4,9.104,191.184,10/1/2026,1:28:59 PM,Card,182.08,19.917984769,38.08,9.0
367-32-9952,SPZ3,Tembisa,Member,Male,White Star Maize Meal 2kg,34.98,1,1.749,36.729,9/18/2026,8:59:49 PM,Ewallet,34.98,21.726700972,7.98,9.7
802-72-8909,SPZ1,Soweto,Member,Male,Five Roses Tea 100s,37.80,1,1.89,39.69,8/21/2026,7:10:22 AM,Cash,37.8,22.171831696,8.8,5.9
676-40-6465,SPZ3,Tembisa,Member,Female,Five Roses Tea 100s,38.45,1,1.9225,40.3725,9/8/2026,2:08:59 PM,Cash,38.45,23.407022107,9.45,8.2
598-36-1711,SPZ2,Khayelitsha,Member,Female,Koo Baked Beans 410g,16.32,1,0.816,17.136,9/18/2026,9:38:29 AM,Card,16.32,28.127917834,4.82,5.7
272-81-2176,SPZ2,Khayelitsha,Member,Male,Long Life Milk 1L,21.55,2,2.155,45.255,8/15/2026,6:19:28 PM,Card,43.1,20.108275329,9.1,7.4
544-72-4109,SPZ2,Khayelitsha,Normal,Male,Tastic Rice 2kg,46.30,3,6.945,145.845,10/3/2026,7:31:05 PM,Card,138.9,21.186876478,30.9,4.7
180-27-1453,SPZ1,Soweto,Member,Female,Peermont Cigarettes Single,4.10,3,0.615,12.915,9/30/2026,5:18:40 PM,Cash,12.3,25.551684088,3.3,5.5
434-58-4023,SPZ3,Tembisa,Normal,Female,Omo Washing Powder 500g,27.33,4,5.466,114.786,8/24/2026,9:40:33 AM,Cash,109.32,22.058439182,25.32,5.9
939-61-1828,SPZ3,Tembisa,Member,Female,Airtime Voucher R10,9.84,1,0.492,10.332,8/30/2026,3:58:23 PM,Card,9.84,6.194347658,0.64,7.4
553-91-7576,SPZ1,Soweto,Member,Male,Russell's Polony 500g,26.20,1,1.31,27.51,9/7/2026,9:19:38 AM,Card,26.2,24.35478008,6.7,5.4
535-28-5640,SPZ3,Tembisa,Member,Male,Coca-Cola 500ml,14.58,3,2.187,45.927,9/6/2026,10:46:23 AM,Ewallet,43.74,26.650989614,12.24,9.0
487-47-1068,SPZ1,Soweto,Normal,Female,Coca-Cola 500ml,15.15,5,3.7875,79.5375,9/20/2026,12:04:28 PM,Ewallet,75.75,29.231494578,23.25,9.4
510-87-2334,SPZ1,Soweto,Member,Female,Clover Yoghurt 175g,8.98,8,3.592,75.432,8/15/2026,8:34:20 AM,Ewallet,71.84,28.422950472,21.44,9.5
643-91-1456,SPZ2,Khayelitsha,Member,Male,Five Roses Tea 100s,37.96,3,5.694,119.574,9/17/2026,4:36:26 PM,Ewallet,113.88,22.479803302,26.88,5.8
346-82-8231,SPZ3,Tembisa,Normal,Female,Russell's Polony 500g,25.80,3,3.87,81.27,9/21/2026,6:05:09 PM,Cash,77.4,23.255813953,18.9,6.5
643-95-5121,SPZ1,Soweto,Normal,Male,Long Life Milk 1L,21.63,5,5.4075,113.5575,8/18/2026,10:35:47 AM,Ewallet,108.15,20.386147987,23.15,7.9
795-19-8201,SPZ2,Khayelitsha,Member,Male,Long Life Milk 1L,22.31,6,6.693,140.553,9/5/2026,3:36:44 PM,Ewallet,133.86,22.667605814,31.86,7.4
676-70-2525,SPZ1,Soweto,Member,Female,Nescafe Ricoffy 250g,56.09,2,5.609,117.789,10/3/2026,6:32:06 PM,Ewallet,112.18,22.226184109,26.18,5.0
223-27-7979,SPZ2,Khayelitsha,Member,Male,Simba Chips 120g,17.48,3,2.622,55.062,7/28/2026,10:03:23 AM,Ewallet,52.44,25.498528931,14.04,5.3
796-11-5188,SPZ3,Tembisa,Member,Male,Omo Washing Powder 500g,27.78,5,6.945,145.845,8/6/2026,6:55:22 PM,Card,138.9,23.243854777,33.9,8.8
435-87-2850,SPZ3,Tembisa,Member,Male,Boxer Sugar 2kg,38.90,3,5.835,122.535,9/8/2026,3:22:46 PM,Card,116.7,16.893132574,20.7,4.6
919-43-4035,SPZ1,Soweto,Member,Female,Russell's Polony 500g,25.91,4,5.182,108.822,8/28/2026,6:28:01 PM,Ewallet,103.64,23.561412214,25.64,6.9
114-13-6609,SPZ2,Khayelitsha,Member,Female,Airtime Voucher R10,10.02,3,1.503,31.563,9/17/2026,8:09:37 PM,Ewallet,30.06,7.793935938,2.46,8.8
501-70-3593,SPZ3,Tembisa,Normal,Female,Simba Chips 120g,17.54,3,2.631,55.251,9/6/2026,7:51:53 AM,Cash,52.62,25.737090731,14.22,7.9
739-15-4463,SPZ3,Tembisa,Member,Female,Five Roses Tea 100s,37.61,1,1.8805,39.4905,9/28/2026,4:33:04 PM,Ewallet,37.61,21.802712045,8.61,9.4
121-41-8526,SPZ1,Soweto,Member,Male,Five Roses Tea 100s,37.58,2,3.758,78.918,9/5/2026,4:29:24 PM,Ewallet,75.16,21.744088801,17.16,6.9
698-27-1558,SPZ3,Tembisa,Member,Male,Albany White Bread 700g,17.50,1,0.875,18.375,9/17/2026,11:24:17 AM,Card,17.5,24.489795918,4.5,7.4
797-19-5980,SPZ1,Soweto,Normal,Female,Chappies Bubblegum Pack,5.09,1,0.2545,5.3445,9/15/2026,5:06:23 PM,Ewallet,5.09,35.36345776,1.89,8.8
430-71-9253,SPZ3,Tembisa,Normal,Male,Joko Tea 100s,33.43,2,3.343,70.203,9/27/2026,10:22:55 AM,Cash,66.86,24.016067689,16.86,8.2
682-48-3767,SPZ2,Khayelitsha,Member,Male,Coca-Cola 500ml,15.35,3,2.3025,48.3525,10/3/2026,9:08:13 AM,Card,46.05,30.091515434,14.55,6.4
697-20-3928,SPZ1,Soweto,Normal,Female,Joko Tea 100s,33.31,8,13.324,279.804,9/20/2026,11:46:36 AM,Card,266.48,23.759488785,66.48,4.4
659-12-3696,SPZ2,Khayelitsha,Normal,Male,Albany White Bread 700g,17.86,2,1.786,37.506,8/29/2026,7:44:27 PM,Ewallet,35.72,25.915853463,9.72,5.1
301-40-1930,SPZ1,Soweto,Member,Male,Lucky Star Pilchards 400g,24.57,1,1.2285,25.7985,7/19/2026,7:25:28 AM,Cash,24.57,23.528499719,6.07,7.0
996-11-6290,SPZ3,Tembisa,Member,Male,Tastic Rice 2kg,45.59,1,2.2795,47.8695,7/31/2026,8:56:36 PM,Card,45.59,20.033633107,9.59,5.6
984-63-1744,SPZ1,Soweto,Member,Female,Boxer Sugar 2kg,39.77,3,5.9655,125.2755,8/26/2026,6:01:41 PM,Card,119.31,18.606990194,23.31,6.0
157-63-6393,SPZ2,Khayelitsha,Member,Male,Coca-Cola 500ml,14.57,2,1.457,30.597,10/3/2026,1:16:29 PM,Cash,29.14,26.603915417,8.14,7.9
702-81-3513,SPZ3,Tembisa,Normal,Male,Albany White Bread 700g,17.35,2,1.735,36.435,8/11/2026,9:33:49 AM,Ewallet,34.7,23.878139152,8.7,6.1
564-81-5559,SPZ3,Tembisa,Normal,Female,Simba Chips 120g,18.30,2,1.83,38.43,9/15/2026,8:45:30 PM,Cash,36.6,28.623471246,11.0,8.6
128-89-3197,SPZ1,Soweto,Member,Male,Five Roses Tea 100s,37.20,3,5.58,117.18,8/20/2026,3:30:06 PM,Ewallet,111.6,20.993343574,24.6,6.4
991-30-9658,SPZ1,Soweto,Member,Female,Airtime Voucher R10,10.26,2,1.026,21.546,9/8/2026,3:49:11 PM,Ewallet,20.52,9.839413348,2.12,4.9
210-94-1252,SPZ1,Soweto,Member,Female,Five Roses Tea 100s,38.91,2,3.891,81.711,8/19/2026,8:31:13 PM,Ewallet,77.82,24.256220093,19.82,5.3
980-38-1503,SPZ3,Tembisa,Normal,Male,Koo Baked Beans 410g,15.91,6,4.773,100.233,9/27/2026,7:14:36 AM,Card,95.46,26.398491515,26.46,9.7
321-82-3567,SPZ2,Khayelitsha,Normal,Female,Lucky Star Pilchards 400g,23.75,2,2.375,49.875,9/19/2026,10:14:22 AM,Cash,47.5,21.052631579,10.5,5.7
724-86-8422,SPZ3,Tembisa,Member,Male,Coca-Cola 500ml,14.99,6,4.497,94.437,9/25/2026,11:05:21 AM,Cash,89.94,28.526954478,26.94,5.0
801-13-2827,SPZ2,Khayelitsha,Member,Male,Nescafe Ricoffy 250g,53.95,5,13.4875,283.2375,9/27/2026,6:23:02 PM,Cash,269.75,19.330067523,54.75,10.0
524-53-7499,SPZ1,Soweto,Normal,Male,Five Roses Tea 100s,37.08,1,1.854,38.934,9/29/2026,9:32:47 AM,Ewallet,37.08,20.753069297,8.08,8.1
815-23-1326,SPZ2,Khayelitsha,Member,Female,Coca-Cola 500ml,14.58,2,1.458,30.618,8/19/2026,7:40:44 PM,Cash,29.16,26.650989614,8.16,5.4
748-79-9203,SPZ1,Soweto,Member,Female,Clover Yoghurt 175g,8.96,1,0.448,9.408,9/28/2026,8:31:08 AM,Card,8.96,28.273809524,2.66,8.1
375-18-1707,SPZ2,Khayelitsha,Member,Male,Sunlight Dishwashing 400ml,20.28,1,1.014,21.294,10/2/2026,8:22:13 AM,Card,20.28,24.795717103,5.28,5.1
438-98-7723,SPZ3,Tembisa,Normal,Female,Tastic Rice 2kg,45.51,3,6.8265,143.3565,9/24/2026,12:17:00 PM,Card,136.53,19.901434536,28.53,7.3
105-40-9209,SPZ3,Tembisa,Normal,Female,Koo Baked Beans 410g,16.25,6,4.875,102.375,8/26/2026,1:24:09 PM,Cash,97.5,27.838827839,28.5,8.8
671-51-8248,SPZ3,Tembisa,Normal,Female,Peermont Cigarettes Single,4.07,6,1.221,25.641,9/25/2026,5:07:05 PM,Ewallet,24.42,25.038025038,6.42,4.3
944-90-7206,SPZ1,Soweto,Normal,Male,Boxer Sugar 2kg,40.02,3,6.003,126.063,7/9/2026,6:41:54 PM,Card,120.06,19.085695248,24.06,10.0
883-43-5297,SPZ3,Tembisa,Normal,Female,Tastic Rice 2kg,43.84,4,8.768,184.128,10/2/2026,11:39:42 AM,Ewallet,175.36,17.03163017,31.36,8.0
273-56-4909,SPZ3,Tembisa,Member,Male,Albany White Bread 700g,17.95,2,1.795,37.695,9/13/2026,4:14:09 PM,Ewallet,35.9,26.263430163,9.9,7.1
225-62-3520,SPZ2,Khayelitsha,Normal,Female,Simba Chips 120g,17.81,2,1.781,37.401,9/5/2026,5:52:54 PM,Cash,35.62,26.790727521,10.02,9.2
556-98-2831,SPZ2,Khayelitsha,Normal,Female,Clover Yoghurt 175g,8.89,3,1.3335,28.0035,8/29/2026,5:51:33 PM,Ewallet,26.67,27.746531684,7.77,5.7
737-57-9575,SPZ1,Soweto,Normal,Female,Coca-Cola 500ml,15.16,2,1.516,31.836,9/24/2026,7:33:09 PM,Card,30.32,29.275034552,9.32,7.1
431-42-4962,SPZ2,Khayelitsha,Normal,Female,Airtime Voucher R10,9.73,1,0.4865,10.2165,7/18/2026,10:00:36 AM,Cash,9.73,5.187686585,0.53,8.3
144-66-7155,SPZ2,Khayelitsha,Normal,Male,Lucky Star Pilchards 400g,23.46,8,9.384,197.064,9/9/2026,2:54:05 PM,Ewallet,187.68,20.135590468,39.68,5.7
232-89-4139,SPZ3,Tembisa,Normal,Male,Peermont Cigarettes Single,4.07,2,0.407,8.547,9/22/2026,1:27:41 PM,Ewallet,8.14,25.038025038,2.14,6.3
875-13-2766,SPZ3,Tembisa,Normal,Female,Nescafe Ricoffy 250g,54.60,2,5.46,114.66,8/16/2026,8:04:05 PM,Ewallet,109.2,20.233734519,23.2,7.0
786-39-4280,SPZ1,Soweto,Normal,Male,Albany White Bread 700g,17.44,2,1.744,36.624,9/26/2026,1:30:11 PM,Ewallet,34.88,24.246395806,8.88,7.1
204-73-2445,SPZ1,Soweto,Member,Female,Nescafe Ricoffy 250g,53.74,1,2.687,56.427,8/24/2026,12:49:24 PM,Cash,53.74,19.033441438,10.74,4.5
243-62-1820,SPZ3,Tembisa,Member,Female,Boxer Sugar 2kg,40.87,3,6.1305,128.7405,9/25/2026,10:45:21 AM,Card,122.61,20.669486292,26.61,8.5
979-48-7468,SPZ3,Tembisa,Normal,Male,Airtime Voucher R10,10.01,1,0.5005,10.5105,8/14/2026,7:11:34 AM,Card,10.01,7.706579135,0.81,6.3
312-78-7124,SPZ1,Soweto,Normal,Female,Freshpak Rooibos 80s,30.64,1,1.532,32.172,8/25/2026,8:24:51 PM,Ewallet,30.64,23.747357951,7.64,5.2
846-50-1139,SPZ1,Soweto,Member,Female,Tastic Rice 2kg,44.19,6,13.257,278.397,9/13/2026,12:59:51 PM,Ewallet,265.14,17.651052274,49.14,7.3
725-68-7651,SPZ3,Tembisa,Normal,Male,Nescafe Ricoffy 250g,54.31,4,10.862,228.102,9/25/2026,7:17:14 AM,Cash,217.24,19.833232501,45.24,8.8
609-33-1232,SPZ3,Tembisa,Member,Female,Long Life Milk 1L,21.40,5,5.35,112.35,7/28/2026,1:54:40 PM,Cash,107.0,19.581664441,22.0,4.4
311-76-2652,SPZ3,Tembisa,Normal,Male,Lucky Star Pilchards 400g,24.05,1,1.2025,25.2525,9/18/2026,5:47:18 PM,Cash,24.05,21.978021978,5.55,8.7
812-27-1684,SPZ1,Soweto,Member,Female,Airtime Voucher R10,10.12,2,1.012,21.252,9/23/2026,7:26:14 AM,Card,20.24,8.658008658,1.84,6.5
432-80-4515,SPZ2,Khayelitsha,Member,Male,Tastic Rice 2kg,45.56,4,9.112,191.352,9/22/2026,8:37:51 PM,Card,182.24,19.984113048,38.24,5.9
252-33-8042,SPZ2,Khayelitsha,Normal,Female,Chappies Bubblegum Pack,4.92,2,0.492,10.332,10/2/2026,12:24:09 PM,Cash,9.84,33.29461866,3.44,4.6
601-54-1291,SPZ2,Khayelitsha,Normal,Male,Lucky Star Pilchards 400g,24.71,6,7.413,155.673,7/24/2026,12:07:42 PM,Cash,148.26,23.934786379,37.26,7.2
886-39-5912,SPZ2,Khayelitsha,Member,Male,Russell's Polony 500g,26.06,1,1.303,27.363,9/6/2026,8:19:38 PM,Cash,26.06,23.973979461,6.56,4.8
860-56-3930,SPZ2,Khayelitsha,Member,Female,Simba Chips 120g,17.65,2,1.765,37.065,8/28/2026,9:42:19 AM,Cash,35.3,26.170241468,9.7,6.9
134-15-9410,SPZ1,Soweto,Member,Female,Joko Tea 100s,32.23,1,1.6115,33.8415,9/20/2026,2:06:47 PM,Ewallet,32.23,21.364301228,7.23,6.4
273-94-2475,SPZ2,Khayelitsha,Normal,Male,Five Roses Tea 100s,37.03,4,7.406,155.526,9/19/2026,1:36:53 PM,Ewallet,148.12,20.652495403,32.12,8.4
376-78-9864,SPZ2,Khayelitsha,Member,Female,Airtime Voucher R10,9.76,5,2.44,51.24,9/28/2026,2:19:09 PM,Card,48.8,5.464480874,2.8,4.7
308-26-4930,SPZ3,Tembisa,Member,Male,Clover Yoghurt 175g,8.87,8,3.548,74.508,8/20/2026,4:34:02 PM,Cash,70.96,27.594352284,20.56,5.7
257-43-1506,SPZ1,Soweto,Normal,Female,Russell's Polony 500g,25.55,4,5.11,107.31,8/4/2026,7:31:50 AM,Ewallet,102.2,22.551486348,24.2,4.5
893-75-2018,SPZ3,Tembisa,Member,Male,Long Life Milk 1L,21.45,3,3.2175,67.5675,9/9/2026,11:36:56 AM,Ewallet,64.35,19.758019758,13.35,5.4
930-69-3995,SPZ1,Soweto,Member,Female,Peermont Cigarettes Single,4.07,1,0.2035,4.2735,8/27/2026,8:02:13 AM,Card,4.07,25.038025038,1.07,5.8
888-27-4338,SPZ2,Khayelitsha,Member,Male,Sunlight Dishwashing 400ml,19.58,2,1.958,41.118,9/23/2026,7:05:50 AM,Ewallet,39.16,22.27734812,9.16,5.0
869-87-2026,SPZ1,Soweto,Member,Male,Boxer Sugar 2kg,38.89,2,3.889,81.669,8/27/2026,8:00:50 AM,Card,77.78,16.872987302,13.78,6.0
608-27-5248,SPZ3,Tembisa,Normal,Male,Five Roses Tea 100s,38.19,5,9.5475,200.4975,9/23/2026,8:41:45 AM,Ewallet,190.95,22.917991496,45.95,7.0
406-85-9710,SPZ3,Tembisa,Member,Male,Russell's Polony 500g,25.48,2,2.548,53.508,9/5/2026,7:51:43 PM,Card,50.96,22.351797862,11.96,7.8
801-16-7422,SPZ3,Tembisa,Normal,Female,Lucky Star Pilchards 400g,24.13,3,3.6195,76.0095,9/22/2026,8:14:15 PM,Card,72.39,22.220906597,16.89,9.3
104-48-9012,SPZ2,Khayelitsha,Member,Male,Tastic Rice 2kg,45.44,6,13.632,286.272,9/1/2026,8:14:41 AM,Card,272.64,19.78537894,56.64,6.6
734-14-5786,SPZ2,Khayelitsha,Normal,Male,White Star Maize Meal 2kg,34.65,1,1.7325,36.3825,9/2/2026,4:19:29 PM,Card,34.65,21.026592455,7.65,6.1
484-33-7384,SPZ1,Soweto,Normal,Female,Joko Tea 100s,33.61,1,1.6805,35.2905,8/14/2026,2:26:42 PM,Cash,33.61,24.397500744,8.61,8.1
997-74-4103,SPZ2,Khayelitsha,Member,Female,Peermont Cigarettes Single,4.09,8,1.636,34.356,8/29/2026,10:22:56 AM,Ewallet,32.72,25.381301665,8.72,5.9
792-22-9419,SPZ2,Khayelitsha,Normal,Male,Sunlight Dishwashing 400ml,19.95,5,4.9875,104.7375,7/15/2026,8:11:06 PM,Card,99.75,23.630504834,24.75,5.5
826-90-7158,SPZ3,Tembisa,Member,Female,Tastic Rice 2kg,44.85,8,17.94,376.74,9/17/2026,8:32:39 AM,Card,358.8,18.792801401,70.8,6.2
846-87-8518,SPZ1,Soweto,Member,Female,Long Life Milk 1L,22.08,2,2.208,46.368,8/29/2026,7:03:56 AM,Card,44.16,21.911663216,10.16,8.5
865-85-5601,SPZ1,Soweto,Member,Female,Russell's Polony 500g,26.65,2,2.665,55.965,8/8/2026,11:09:12 AM,Ewallet,53.3,25.551684088,14.3,10.0
468-98-5546,SPZ3,Tembisa,Normal,Male,Albany White Bread 700g,17.82,3,2.673,56.133,7/21/2026,3:26:41 PM,Ewallet,53.46,25.760247982,14.46,6.3
266-49-9528,SPZ1,Soweto,Member,Female,Five Roses Tea 100s,38.90,1,1.945,40.845,9/7/2026,7:50:34 AM,Cash,38.9,24.237972824,9.9,8.8
428-66-7604,SPZ3,Tembisa,Member,Female,Omo Washing Powder 500g,27.62,6,8.286,174.006,9/13/2026,1:49:23 PM,Card,165.72,22.826799076,39.72,6.8
957-62-3618,SPZ3,Tembisa,Normal,Male,Airtime Voucher R10,9.77,6,2.931,61.551,8/31/2026,1:50:30 PM,Cash,58.62,5.55636789,3.42,7.7
471-60-9672,SPZ2,Khayelitsha,Normal,Male,Joko Tea 100s,33.69,2,3.369,70.749,8/23/2026,3:30:42 PM,Card,67.38,24.565718243,17.38,4.5
171-80-2579,SPZ1,Soweto,Normal,Male,Russell's Polony 500g,25.70,3,3.855,80.955,9/4/2026,7:02:34 AM,Card,77.1,22.975727256,18.6,6.2
959-53-7553,SPZ3,Tembisa,Normal,Female,Long Life Milk 1L,22.36,2,2.236,46.956,8/12/2026,9:46:40 AM,Card,44.72,22.829883295,10.72,9.6
236-37-6549,SPZ2,Khayelitsha,Member,Female,White Star Maize Meal 2kg,35.07,2,3.507,73.647,8/28/2026,9:45:55 AM,Cash,70.14,21.915352968,16.14,8.0
904-96-3170,SPZ2,Khayelitsha,Member,Male,Sunlight Dishwashing 400ml,20.09,2,2.009,42.189,9/8/2026,8:36:42 PM,Ewallet,40.18,24.129512432,10.18,7.4
490-46-3150,SPZ3,Tembisa,Normal,Female,Chappies Bubblegum Pack,5.12,4,1.024,21.504,9/27/2026,10:32:07 AM,Ewallet,20.48,35.714285714,7.68,8.9
468-96-2288,SPZ1,Soweto,Normal,Male,Clover Yoghurt 175g,8.88,1,0.444,9.324,7/30/2026,4:38:52 PM,Ewallet,8.88,27.670527671,2.58,5.3
615-17-8302,SPZ2,Khayelitsha,Member,Male,Lucky Star Pilchards 400g,23.28,3,3.492,73.332,9/9/2026,8:53:20 AM,Ewallet,69.84,19.554900998,14.34,4.8
335-37-4423,SPZ3,Tembisa,Normal,Male,Chappies Bubblegum Pack,5.04,2,0.504,10.584,9/25/2026,8:30:14 AM,Cash,10.08,34.769463341,3.68,6.0
191-84-2841,SPZ3,Tembisa,Normal,Female,Airtime Voucher R10,9.95,1,0.4975,10.4475,9/23/2026,7:51:32 AM,Ewallet,9.95,7.178750897,0.75,7.8
173-92-8829,SPZ2,Khayelitsha,Member,Female,Simba Chips 120g,18.33,8,7.332,153.972,10/1/2026,1:14:42 PM,Card,146.64,28.732496818,44.24,6.0
877-34-2252,SPZ2,Khayelitsha,Member,Female,Lucky Star Pilchards 400g,23.77,1,1.1885,24.9585,10/2/2026,6:39:29 PM,Cash,23.77,21.115050985,5.27,6.4
865-12-1258,SPZ2,Khayelitsha,Member,Female,Airtime Voucher R10,9.82,4,1.964,41.244,9/24/2026,6:12:49 PM,Cash,39.28,6.01299583,2.48,9.0
423-55-6009,SPZ3,Tembisa,Member,Male,Joko Tea 100s,32.53,2,3.253,68.313,9/2/2026,8:55:41 PM,Ewallet,65.06,22.045584296,15.06,5.0
978-29-6961,SPZ1,Soweto,Normal,Female,Coca-Cola 500ml,15.27,2,1.527,32.067,8/13/2026,12:26:57 PM,Cash,30.54,29.750210497,9.54,4.6
314-55-5127,SPZ2,Khayelitsha,Member,Male,White Star Maize Meal 2kg,35.73,2,3.573,75.033,9/29/2026,7:20:30 PM,Ewallet,71.46,23.269761305,17.46,5.5
113-24-4506,SPZ1,Soweto,Normal,Male,Koo Baked Beans 410g,15.67,6,4.701,98.721,8/22/2026,8:33:27 PM,Cash,94.02,25.3441517,25.02,6.6
446-89-8565,SPZ2,Khayelitsha,Normal,Male,Simba Chips 120g,17.68,3,2.652,55.692,9/25/2026,7:05:29 PM,Cash,53.04,26.287438052,14.64,9.5
567-83-8202,SPZ2,Khayelitsha,Member,Male,Long Life Milk 1L,21.47,5,5.3675,112.7175,8/19/2026,12:24:56 PM,Card,107.35,19.828331892,22.35,9.7
245-25-9158,SPZ3,Tembisa,Normal,Male,Sunlight Dishwashing 400ml,20.26,2,2.026,42.546,8/12/2026,5:43:55 PM,Ewallet,40.52,24.726178724,10.52,9.3
763-14-4975,SPZ3,Tembisa,Member,Male,Russell's Polony 500g,26.45,5,6.6125,138.8625,8/19/2026,10:00:25 AM,Cash,132.25,25.024754703,34.75,7.8
523-43-1677,SPZ3,Tembisa,Member,Female,Sunlight Dishwashing 400ml,20.33,1,1.0165,21.3465,7/24/2026,7:25:15 AM,Cash,20.33,24.968964467,5.33,7.3
431-23-9352,SPZ3,Tembisa,Normal,Male,Long Life Milk 1L,21.59,5,5.3975,113.3475,9/6/2026,8:48:56 AM,Cash,107.95,20.247469066,22.95,5.0
179-16-9936,SPZ3,Tembisa,Normal,Female,Albany White Bread 700g,17.50,3,2.625,55.125,9/27/2026,3:41:52 PM,Card,52.5,24.489795918,13.5,7.6
225-93-4393,SPZ1,Soweto,Normal,Male,Coca-Cola 500ml,14.72,2,1.472,30.912,9/17/2026,3:47:13 PM,Ewallet,29.44,27.303312629,8.44,9.0
191-57-5489,SPZ1,Soweto,Normal,Female,Long Life Milk 1L,21.46,1,1.073,22.533,10/2/2026,3:33:22 PM,Card,21.46,19.793192207,4.46,9.3
885-86-4504,SPZ3,Tembisa,Normal,Female,Lucky Star Pilchards 400g,23.29,1,1.1645,24.4545,8/10/2026,4:36:21 PM,Card,23.29,19.587397003,4.79,4.7
786-97-3212,SPZ1,Soweto,Normal,Male,Albany White Bread 700g,17.93,5,4.4825,94.1325,9/30/2026,4:41:13 PM,Cash,89.65,26.186492444,24.65,8.3
491-22-3656,SPZ2,Khayelitsha,Normal,Male,White Star Maize Meal 2kg,34.48,2,3.448,72.408,9/15/2026,11:28:16 AM,Ewallet,68.96,20.660700475,14.96,6.1
448-39-9912,SPZ1,Soweto,Normal,Female,Tastic Rice 2kg,44.39,1,2.2195,46.6095,9/17/2026,2:48:39 PM,Cash,44.39,18.000622191,8.39,6.5
535-90-6520,SPZ2,Khayelitsha,Normal,Male,Tastic Rice 2kg,45.80,2,4.58,96.18,9/23/2026,7:15:56 PM,Ewallet,91.6,20.37845706,19.6,4.6
631-98-2468,SPZ2,Khayelitsha,Member,Male,Clover Yoghurt 175g,8.76,3,1.314,27.594,8/7/2026,2:10:13 PM,Card,26.28,26.744944553,7.38,5.5
729-97-3726,SPZ2,Khayelitsha,Normal,Female,Freshpak Rooibos 80s,30.39,10,15.195,319.095,9/22/2026,7:45:16 AM,Cash,303.9,23.159247246,73.9,5.1
705-28-2137,SPZ3,Tembisa,Member,Female,Lucky Star Pilchards 400g,24.20,3,3.63,76.23,8/28/2026,7:05:44 AM,Card,72.6,22.432113341,17.1,7.9
605-92-9360,SPZ3,Tembisa,Normal,Female,Coca-Cola 500ml,14.62,1,0.731,15.351,7/31/2026,6:04:34 PM,Cash,14.62,26.838642434,4.12,7.3
981-68-6608,SPZ1,Soweto,Normal,Male,Freshpak Rooibos 80s,30.35,1,1.5175,31.8675,9/29/2026,11:19:25 AM,Cash,30.35,23.064250412,7.35,9.9
965-34-2190,SPZ1,Soweto,Member,Male,Lucky Star Pilchards 400g,24.44,3,3.666,76.986,8/31/2026,7:14:06 PM,Ewallet,73.32,23.1470657,17.82,5.7
492-42-2457,SPZ1,Soweto,Member,Male,Omo Washing Powder 500g,27.24,2,2.724,57.204,9/17/2026,11:42:16 AM,Cash,54.48,21.816656178,12.48,9.0
241-57-5122,SPZ1,Soweto,Normal,Female,White Star Maize Meal 2kg,35.92,2,3.592,75.432,8/24/2026,11:54:59 AM,Cash,71.84,23.650440132,17.84,7.3
764-34-4588,SPZ1,Soweto,Normal,Female,Omo Washing Powder 500g,27.64,2,2.764,58.044,9/9/2026,8:55:15 AM,Cash,55.28,22.879195093,13.28,8.6
388-13-8742,SPZ1,Soweto,Normal,Female,Coca-Cola 500ml,14.60,3,2.19,45.99,9/16/2026,2:16:55 PM,Cash,43.8,26.744944553,12.3,9.0
536-66-1994,SPZ1,Soweto,Member,Male,Albany White Bread 700g,17.40,2,1.74,36.54,8/5/2026,3:45:31 PM,Cash,34.8,24.083196497,8.8,9.5
321-82-7163,SPZ3,Tembisa,Member,Male,Tastic Rice 2kg,45.15,1,2.2575,47.4075,8/21/2026,2:30:15 PM,Card,45.15,19.300743553,9.15,5.3
579-68-3158,SPZ2,Khayelitsha,Member,Female,Clover Yoghurt 175g,9.20,1,0.46,9.66,9/9/2026,10:33:10 AM,Ewallet,9.2,30.020703934,2.9,4.5
284-75-1178,SPZ2,Khayelitsha,Member,Female,Five Roses Tea 100s,37.02,4,7.404,155.484,8/26/2026,10:17:42 AM,Ewallet,148.08,20.632348023,32.08,6.8
922-51-1684,SPZ2,Khayelitsha,Normal,Male,Boxer Sugar 2kg,40.39,1,2.0195,42.4095,9/21/2026,3:41:14 PM,Ewallet,40.39,19.783303269,8.39,6.2
959-34-5988,SPZ1,Soweto,Normal,Male,Albany White Bread 700g,17.45,5,4.3625,91.6125,8/18/2026,4:29:57 PM,Cash,87.25,24.287078728,22.25,5.7
973-72-4477,SPZ3,Tembisa,Member,Male,Five Roses Tea 100s,39.02,1,1.951,40.971,9/1/2026,5:10:00 PM,Card,39.02,24.456322765,10.02,6.9
451-62-1376,SPZ1,Soweto,Normal,Male,Sunlight Dishwashing 400ml,20.57,4,4.114,86.394,8/15/2026,7:29:17 PM,Cash,82.28,25.788827928,22.28,4.2
240-43-4939,SPZ2,Khayelitsha,Member,Female,Airtime Voucher R10,10.06,2,1.006,21.126,9/25/2026,7:09:38 AM,Card,20.12,8.141626432,1.72,7.3
271-20-8412,SPZ2,Khayelitsha,Normal,Female,Russell's Polony 500g,25.72,4,5.144,108.024,8/10/2026,9:33:08 AM,Ewallet,102.88,23.031918833,24.88,5.0
939-23-1286,SPZ2,Khayelitsha,Normal,Male,Airtime Voucher R10,10.28,4,2.056,43.176,9/17/2026,8:09:47 PM,Card,41.12,10.005558644,4.32,4.6
769-75-2910,SPZ3,Tembisa,Normal,Male,Freshpak Rooibos 80s,29.23,2,2.923,61.383,9/22/2026,9:55:08 AM,Card,58.46,20.298779792,12.46,5.8
706-42-7258,SPZ1,Soweto,Member,Female,Five Roses Tea 100s,38.91,8,15.564,326.844,9/17/2026,4:43:51 PM,Ewallet,311.28,24.256220093,79.28,5.2
788-51-1157,SPZ1,Soweto,Normal,Female,Albany White Bread 700g,17.71,1,0.8855,18.5955,8/19/2026,12:33:16 PM,Card,17.71,25.328708559,4.71,8.1
191-36-9889,SPZ2,Khayelitsha,Normal,Female,Omo Washing Powder 500g,27.94,2,2.794,58.674,9/18/2026,6:41:56 PM,Cash,55.88,23.656133892,13.88,9.8
755-37-5358,SPZ1,Soweto,Member,Male,Five Roses Tea 100s,37.73,2,3.773,79.233,9/29/2026,10:23:47 AM,Ewallet,75.46,22.036272765,17.46,6.2
464-54-8163,SPZ3,Tembisa,Normal,Male,Albany White Bread 700g,17.47,2,1.747,36.687,8/8/2026,1:39:26 PM,Card,34.94,24.368304849,8.94,6.0
955-80-4342,SPZ2,Khayelitsha,Member,Male,Omo Washing Powder 500g,27.82,1,1.391,29.211,9/19/2026,5:43:49 PM,Card,27.82,23.347369142,6.82,7.8
146-35-1245,SPZ3,Tembisa,Normal,Female,Omo Washing Powder 500g,28.54,3,4.281,89.901,9/22/2026,11:41:16 AM,Cash,85.62,25.161010445,22.62,9.1
828-40-1316,SPZ2,Khayelitsha,Member,Male,Albany White Bread 700g,17.71,1,0.8855,18.5955,7/30/2026,7:53:11 AM,Cash,17.71,25.328708559,4.71,5.4
590-43-6456,SPZ3,Tembisa,Member,Male,Tastic Rice 2kg,43.85,2,4.385,92.085,10/1/2026,10:09:30 AM,Card,87.7,17.049465168,15.7,5.8
436-53-9220,SPZ3,Tembisa,Normal,Male,Simba Chips 120g,18.21,1,0.9105,19.1205,8/11/2026,8:04:39 AM,Cash,18.21,28.294239167,5.41,8.8
334-49-2182,SPZ1,Soweto,Normal,Male,White Star Maize Meal 2kg,35.71,2,3.571,74.991,9/14/2026,3:51:03 PM,Cash,71.42,23.229454201,17.42,5.8
944-94-8731,SPZ1,Soweto,Normal,Male,Nescafe Ricoffy 250g,56.00,4,11.2,235.2,9/13/2026,10:50:45 AM,Cash,224.0,22.108843537,52.0,5.4
439-17-1506,SPZ3,Tembisa,Member,Male,Nescafe Ricoffy 250g,54.15,1,2.7075,56.8575,8/15/2026,4:13:06 PM,Cash,54.15,19.610429583,11.15,6.5
778-43-3150,SPZ2,Khayelitsha,Member,Male,Nescafe Ricoffy 250g,55.38,6,16.614,348.894,9/8/2026,10:40:45 AM,Cash,332.28,21.290133966,74.28,5.2
423-21-5808,SPZ3,Tembisa,Member,Female,Chappies Bubblegum Pack,4.97,2,0.497,10.437,9/5/2026,12:52:45 PM,Ewallet,9.94,33.917792469,3.54,5.8
835-76-6944,SPZ3,Tembisa,Normal,Female,Sunlight Dishwashing 400ml,19.95,1,0.9975,20.9475,8/19/2026,9:59:40 AM,Cash,19.95,23.630504834,4.95,4.7
560-50-8813,SPZ1,Soweto,Normal,Female,Freshpak Rooibos 80s,29.97,1,1.4985,31.4685,8/5/2026,8:39:24 AM,Ewallet,29.97,22.14913326,6.97,8.0
236-14-3112,SPZ2,Khayelitsha,Member,Female,Peermont Cigarettes Single,3.89,4,0.778,16.338,9/4/2026,6:59:20 PM,Ewallet,15.56,21.789692741,3.56,4.5
833-16-1522,SPZ1,Soweto,Normal,Male,Tastic Rice 2kg,44.83,1,2.2415,47.0715,9/15/2026,11:42:04 AM,Ewallet,44.83,18.758696876,8.83,6.4
883-64-6538,SPZ2,Khayelitsha,Normal,Male,Joko Tea 100s,33.21,2,3.321,69.741,8/5/2026,8:20:10 AM,Cash,66.42,23.544256607,16.42,5.4
584-38-4030,SPZ2,Khayelitsha,Normal,Female,Airtime Voucher R10,10.27,6,3.081,64.701,9/5/2026,3:07:05 PM,Card,61.62,9.922566885,6.42,8.3
446-41-1453,SPZ3,Tembisa,Normal,Female,Lucky Star Pilchards 400g,24.60,2,2.46,51.66,9/20/2026,6:50:08 PM,Ewallet,49.2,23.615950445,12.2,9.2
775-63-1923,SPZ1,Soweto,Member,Male,Tastic Rice 2kg,44.12,4,8.824,185.304,8/10/2026,8:39:20 PM,Ewallet,176.48,17.527954065,32.48,6.0
968-50-5357,SPZ1,Soweto,Normal,Female,Peermont Cigarettes Single,3.89,1,0.1945,4.0845,8/28/2026,7:48:16 PM,Card,3.89,21.789692741,0.89,10.0
888-82-5003,SPZ3,Tembisa,Member,Male,Long Life Milk 1L,22.58,1,1.129,23.709,9/14/2026,1:24:18 PM,Cash,22.58,23.535366317,5.58,8.1
830-53-1898,SPZ3,Tembisa,Normal,Male,Tastic Rice 2kg,44.68,5,11.17,234.57,9/25/2026,11:32:41 AM,Card,223.4,18.501939719,43.4,4.8
566-53-8704,SPZ3,Tembisa,Normal,Male,Joko Tea 100s,33.30,1,1.665,34.965,9/28/2026,9:54:47 AM,Ewallet,33.3,23.738023738,8.3,9.2
478-19-2108,SPZ1,Soweto,Normal,Male,Long Life Milk 1L,21.77,1,1.0885,22.8585,8/27/2026,10:04:06 AM,Cash,21.77,20.867510992,4.77,8.8
581-50-6651,SPZ3,Tembisa,Normal,Female,Boxer Sugar 2kg,41.09,2,4.109,86.289,9/27/2026,5:25:19 PM,Ewallet,82.18,21.068734138,18.18,7.8
332-36-4414,SPZ3,Tembisa,Normal,Female,Clover Yoghurt 175g,8.77,2,0.877,18.417,9/30/2026,4:37:53 PM,Ewallet,17.54,26.823043927,4.94,4.1
234-64-2512,SPZ3,Tembisa,Member,Female,Russell's Polony 500g,25.27,3,3.7905,79.6005,9/19/2026,8:41:58 AM,Ewallet,75.81,21.74609456,17.31,6.6
543-30-7235,SPZ3,Tembisa,Member,Female,Peermont Cigarettes Single,4.07,1,0.2035,4.2735,9/24/2026,12:06:14 PM,Cash,4.07,25.038025038,1.07,9.3
719-58-3688,SPZ1,Soweto,Member,Male,Omo Washing Powder 500g,27.99,4,5.598,117.558,8/26/2026,12:32:46 PM,Ewallet,111.96,23.784004491,27.96,4.1
614-37-9368,SPZ1,Soweto,Normal,Male,Russell's Polony 500g,25.78,6,7.734,162.414,9/11/2026,7:07:55 PM,Ewallet,154.68,23.199970446,37.68,5.2
339-63-4546,SPZ2,Khayelitsha,Normal,Male,Coca-Cola 500ml,14.93,3,2.2395,47.0295,8/17/2026,9:40:28 AM,Cash,44.79,28.258858801,13.29,5.6
941-32-4803,SPZ3,Tembisa,Member,Male,Omo Washing Powder 500g,28.42,1,1.421,29.841,9/23/2026,7:21:57 PM,Ewallet,28.42,24.865118461,7.42,5.5
153-72-1028,SPZ3,Tembisa,Normal,Male,Peermont Cigarettes Single,4.05,1,0.2025,4.2525,9/20/2026,8:47:29 AM,Cash,4.05,24.691358025,1.05,9.0
444-62-5016,SPZ3,Tembisa,Member,Male,White Star Maize Meal 2kg,34.62,1,1.731,36.351,9/29/2026,3:43:26 PM,Cash,34.62,20.962284394,7.62,5.3
297-85-6173,SPZ1,Soweto,Member,Female,Chappies Bubblegum Pack,4.94,3,0.741,15.561,9/27/2026,12:39:27 PM,Cash,14.82,33.545401966,5.22,6.7
583-85-9339,SPZ1,Soweto,Member,Male,Russell's Polony 500g,25.98,8,10.392,218.232,9/2/2026,8:28:49 PM,Cash,207.84,23.754536457,51.84,6.8
807-60-3495,SPZ3,Tembisa,Normal,Male,Koo Baked Beans 410g,15.62,4,3.124,65.604,7/31/2026,6:24:04 PM,Cash,62.48,25.120419487,16.48,6.0
734-48-3563,SPZ2,Khayelitsha,Member,Male,Clover Yoghurt 175g,9.07,6,2.721,57.141,9/27/2026,6:30:22 PM,Ewallet,54.42,29.085945293,16.62,6.4
662-80-7594,SPZ1,Soweto,Member,Female,Tastic Rice 2kg,45.24,3,6.786,142.506,8/29/2026,8:25:50 PM,Cash,135.72,19.451812555,27.72,6.0
120-54-9994,SPZ3,Tembisa,Normal,Female,Tastic Rice 2kg,45.83,2,4.583,96.243,8/8/2026,7:01:39 PM,Cash,91.66,20.427459659,19.66,5.6
168-56-9830,SPZ2,Khayelitsha,Member,Female,Russell's Polony 500g,26.45,1,1.3225,27.7725,8/27/2026,1:39:38 PM,Card,26.45,25.024754703,6.95,6.2
250-49-4735,SPZ1,Soweto,Member,Male,Koo Baked Beans 410g,15.54,1,0.777,16.317,8/23/2026,2:10:44 PM,Card,15.54,24.759453331,4.04,4.4
891-29-8111,SPZ1,Soweto,Member,Male,Long Life Milk 1L,22.59,3,3.3885,71.1585,8/21/2026,6:46:58 PM,Ewallet,67.77,23.567107232,16.77,9.5
408-14-2377,SPZ1,Soweto,Member,Male,Albany White Bread 700g,17.64,4,3.528,74.088,9/7/2026,6:24:27 PM,Cash,70.56,25.051290357,18.56,5.1
466-96-4244,SPZ3,Tembisa,Normal,Male,Omo Washing Powder 500g,27.35,1,1.3675,28.7175,7/24/2026,12:45:44 PM,Card,27.35,22.111952642,6.35,5.1
269-33-3494,SPZ1,Soweto,Normal,Male,Sunlight Dishwashing 400ml,19.98,1,0.999,20.979,8/26/2026,1:16:28 PM,Card,19.98,23.738023738,4.98,8.0
123-86-6521,SPZ2,Khayelitsha,Normal,Male,Nescafe Ricoffy 250g,55.16,6,16.548,347.508,9/9/2026,5:57:02 PM,Cash,330.96,20.995200111,72.96,4.1
612-99-9435,SPZ1,Soweto,Member,Female,Boxer Sugar 2kg,39.22,2,3.922,82.362,9/30/2026,3:33:09 PM,Card,78.44,17.532357155,14.44,8.1
265-50-7170,SPZ3,Tembisa,Member,Female,Freshpak Rooibos 80s,29.70,2,2.97,62.37,9/19/2026,10:36:24 AM,Cash,59.4,21.484688151,13.4,7.5
368-88-6518,SPZ3,Tembisa,Member,Female,Coca-Cola 500ml,15.44,3,2.316,48.636,9/24/2026,7:39:52 PM,Card,46.32,30.47125586,14.82,5.9
700-74-8000,SPZ2,Khayelitsha,Member,Male,Simba Chips 120g,17.62,4,3.524,74.004,9/27/2026,8:31:59 AM,Ewallet,70.48,26.052645803,19.28,7.4
183-67-7035,SPZ2,Khayelitsha,Member,Male,Long Life Milk 1L,22.14,2,2.214,46.494,9/23/2026,8:24:17 AM,Card,44.28,22.110379834,10.28,9.3
639-64-5548,SPZ3,Tembisa,Normal,Female,Airtime Voucher R10,9.87,2,0.987,20.727,9/26/2026,11:13:04 AM,Card,19.74,6.464997346,1.34,9.5
716-79-3148,SPZ1,Soweto,Normal,Female,Simba Chips 120g,18.27,1,0.9135,19.1835,9/18/2026,6:30:07 PM,Cash,18.27,28.514087627,5.47,8.1
320-69-8684,SPZ1,Soweto,Member,Female,Boxer Sugar 2kg,38.86,1,1.943,40.803,8/21/2026,3:02:28 PM,Card,38.86,16.812489278,6.86,8.7
267-38-8764,SPZ1,Soweto,Member,Female,Long Life Milk 1L,22.19,5,5.5475,116.4975,9/26/2026,4:11:08 PM,Card,110.95,22.275156119,25.95,5.6
645-89-8267,SPZ2,Khayelitsha,Member,Male,Peermont Cigarettes Single,3.95,10,1.975,41.475,9/30/2026,10:10:58 AM,Card,39.5,22.905364678,9.5,4.4
300-43-3629,SPZ3,Tembisa,Member,Female,Simba Chips 120g,18.26,1,0.913,19.173,9/30/2026,7:20:43 PM,Card,18.26,28.47754655,5.46,6.8
609-85-6382,SPZ3,Tembisa,Member,Female,Boxer Sugar 2kg,39.98,1,1.999,41.979,9/28/2026,9:57:30 AM,Cash,39.98,19.009504752,7.98,6.2
421-13-6207,SPZ1,Soweto,Member,Female,Russell's Polony 500g,25.66,2,2.566,53.886,8/29/2026,8:08:31 AM,Cash,51.32,22.86308132,12.32,7.5
749-35-9900,SPZ2,Khayelitsha,Member,Female,Russell's Polony 500g,26.43,6,7.929,166.509,10/2/2026,2:40:23 PM,Cash,158.58,24.971623156,41.58,8.2
666-19-4371,SPZ1,Soweto,Member,Male,Sunlight Dishwashing 400ml,20.25,3,3.0375,63.7875,9/14/2026,11:18:45 AM,Ewallet,60.75,24.691358025,15.75,6.5
536-21-5595,SPZ1,Soweto,Normal,Male,Lucky Star Pilchards 400g,24.26,4,4.852,101.892,8/5/2026,11:59:06 AM,Ewallet,97.04,22.6121776,23.04,4.0
204-36-2992,SPZ1,Soweto,Normal,Female,Omo Washing Powder 500g,27.18,1,1.359,28.539,9/2/2026,6:37:34 PM,Ewallet,27.18,21.654577946,6.18,5.1
376-75-3423,SPZ3,Tembisa,Normal,Female,Albany White Bread 700g,17.60,3,2.64,55.44,10/2/2026,1:44:01 PM,Ewallet,52.8,24.891774892,13.8,6.5
664-27-6881,SPZ2,Khayelitsha,Normal,Female,Peermont Cigarettes Single,4.01,2,0.401,8.421,7/20/2026,7:03:27 AM,Ewallet,8.02,23.987649923,2.02,6.2
680-83-2573,SPZ3,Tembisa,Normal,Female,Long Life Milk 1L,22.12,5,5.53,116.13,8/9/2026,9:09:09 AM,Card,110.6,22.044260742,25.6,5.0
943-55-4956,SPZ1,Soweto,Member,Female,Sunlight Dishwashing 400ml,19.91,1,0.9955,20.9055,9/10/2026,7:46:03 AM,Ewallet,19.91,23.486642271,4.91,8.5
615-40-1616,SPZ2,Khayelitsha,Member,Male,Simba Chips 120g,17.70,3,2.655,55.755,8/31/2026,12:30:48 PM,Cash,53.1,26.365348399,14.7,9.0
624-67-5003,SPZ1,Soweto,Member,Male,Albany White Bread 700g,17.33,1,0.8665,18.1965,8/21/2026,7:21:48 PM,Card,17.33,23.795784904,4.33,8.5
763-30-1956,SPZ3,Tembisa,Normal,Male,Freshpak Rooibos 80s,30.77,3,4.6155,96.9255,9/3/2026,8:45:32 AM,Card,92.31,24.049398765,23.31,7.0
365-94-8436,SPZ2,Khayelitsha,Member,Male,Lucky Star Pilchards 400g,24.02,1,1.201,25.221,7/26/2026,3:47:47 PM,Card,24.02,21.886523135,5.52,8.0
443-41-5361,SPZ2,Khayelitsha,Normal,Male,Long Life Milk 1L,21.60,1,1.08,22.68,7/12/2026,10:42:25 AM,Cash,21.6,20.282186949,4.6,8.1
743-22-7265,SPZ2,Khayelitsha,Normal,Female,Albany White Bread 700g,17.14,1,0.857,17.997,9/1/2026,6:54:27 PM,Cash,17.14,23.003833972,4.14,7.3
229-28-2099,SPZ2,Khayelitsha,Normal,Female,Nescafe Ricoffy 250g,54.31,6,16.293,342.153,8/4/2026,2:36:51 PM,Cash,325.86,19.833232501,67.86,8.9
215-51-4932,SPZ1,Soweto,Member,Male,Russell's Polony 500g,26.76,4,5.352,112.392,9/17/2026,7:44:11 AM,Ewallet,107.04,25.838137946,29.04,8.7
548-32-1058,SPZ2,Khayelitsha,Member,Male,Five Roses Tea 100s,37.79,5,9.4475,198.3975,10/1/2026,11:22:10 AM,Ewallet,188.95,22.152496881,43.95,5.0
194-95-4620,SPZ2,Khayelitsha,Member,Male,White Star Maize Meal 2kg,35.33,1,1.7665,37.0965,9/20/2026,8:15:40 PM,Cash,35.33,22.45494858,8.33,4.7
552-92-9735,SPZ3,Tembisa,Member,Female,Russell's Polony 500g,25.72,6,7.716,162.036,9/28/2026,8:55:19 AM,Ewallet,154.32,23.031918833,37.32,8.7
384-94-9239,SPZ3,Tembisa,Member,Male,Five Roses Tea 100s,37.67,3,5.6505,118.6605,8/16/2026,6:21:08 PM,Card,113.01,21.91967841,26.01,9.9
899-57-9476,SPZ2,Khayelitsha,Normal,Male,Joko Tea 100s,32.59,1,1.6295,34.2195,9/3/2026,4:11:02 PM,Ewallet,32.59,22.180335773,7.59,7.8
594-51-4488,SPZ2,Khayelitsha,Normal,Female,Joko Tea 100s,32.58,2,3.258,68.418,9/30/2026,3:34:24 PM,Ewallet,65.16,22.157911661,15.16,8.3
770-96-5191,SPZ2,Khayelitsha,Normal,Male,Five Roses Tea 100s,38.53,1,1.9265,40.4565,8/25/2026,12:05:48 PM,Card,38.53,23.556165264,9.53,5.4
923-39-6577,SPZ2,Khayelitsha,Normal,Female,Simba Chips 120g,17.93,3,2.6895,56.4795,9/10/2026,12:23:26 PM,Cash,53.79,27.248824795,15.39,9.3
829-26-6552,SPZ1,Soweto,Normal,Female,Boxer Sugar 2kg,39.05,1,1.9525,41.0025,9/20/2026,6:47:11 PM,Card,39.05,17.194073532,7.05,9.4
973-41-6431,SPZ3,Tembisa,Member,Male,Omo Washing Powder 500g,28.36,2,2.836,59.556,9/2/2026,12:09:41 PM,Cash,56.72,24.716233461,14.72,4.4
507-86-5182,SPZ3,Tembisa,Member,Female,Five Roses Tea 100s,38.02,1,1.901,39.921,9/3/2026,10:09:49 AM,Card,38.02,22.594624383,9.02,5.6
739-34-4389,SPZ1,Soweto,Member,Male,Five Roses Tea 100s,37.12,2,3.712,77.952,8/14/2026,7:00:47 PM,Card,74.24,20.833333333,16.24,4.8
224-14-6330,SPZ2,Khayelitsha,Member,Female,Sunlight Dishwashing 400ml,19.68,3,2.952,61.992,8/3/2026,6:54:54 PM,Cash,59.04,22.648083624,14.04,7.4
346-93-7920,SPZ2,Khayelitsha,Member,Female,Five Roses Tea 100s,36.90,1,1.845,38.745,8/19/2026,2:19:26 PM,Ewallet,36.9,20.389727707,7.9,6.0
579-11-1890,SPZ2,Khayelitsha,Normal,Female,Joko Tea 100s,33.61,1,1.6805,35.2905,8/19/2026,5:02:33 PM,Cash,33.61,24.397500744,8.61,8.7
366-66-2490,SPZ1,Soweto,Normal,Female,Boxer Sugar 2kg,40.12,2,4.012,84.252,9/13/2026,9:49:38 AM,Cash,80.24,19.275506813,16.24,8.8
396-99-6699,SPZ2,Khayelitsha,Normal,Male,Albany White Bread 700g,17.17,1,0.8585,18.0285,9/19/2026,8:05:57 AM,Cash,17.17,23.130044097,4.17,6.5
968-52-5488,SPZ2,Khayelitsha,Normal,Male,Chappies Bubblegum Pack,5.11,1,0.2555,5.3655,9/8/2026,2:07:23 PM,Ewallet,5.11,35.597800764,1.91,9.3
790-24-6547,SPZ2,Khayelitsha,Member,Female,Five Roses Tea 100s,38.36,2,3.836,80.556,10/1/2026,12:53:07 PM,Cash,76.72,23.238492477,18.72,6.0
469-61-5233,SPZ2,Khayelitsha,Member,Male,Coca-Cola 500ml,14.70,3,2.205,46.305,10/2/2026,12:14:25 PM,Ewallet,44.1,27.210884354,12.6,8.0
511-96-1691,SPZ3,Tembisa,Normal,Female,Simba Chips 120g,17.49,1,0.8745,18.3645,9/5/2026,8:58:23 PM,Cash,17.49,25.538402897,4.69,9.8
888-31-9348,SPZ3,Tembisa,Normal,Female,Omo Washing Powder 500g,27.59,3,4.1385,86.9085,9/10/2026,8:41:11 AM,Ewallet,82.77,22.748062618,19.77,4.8
659-88-4640,SPZ1,Soweto,Normal,Female,Peermont Cigarettes Single,3.91,1,0.1955,4.1055,9/10/2026,6:30:46 PM,Ewallet,3.91,22.165387894,0.91,5.8
182-88-1543,SPZ1,Soweto,Member,Female,Nescafe Ricoffy 250g,55.16,1,2.758,57.918,8/7/2026,8:23:31 PM,Cash,55.16,20.995200111,12.16,4.4
564-78-4910,SPZ3,Tembisa,Member,Male,Coca-Cola 500ml,15.11,1,0.7555,15.8655,8/13/2026,8:33:01 PM,Card,15.11,29.056758375,4.61,4.5
836-25-1828,SPZ3,Tembisa,Member,Female,White Star Maize Meal 2kg,34.66,1,1.733,36.393,9/29/2026,12:38:01 PM,Ewallet,34.66,21.048003737,7.66,4.4
666-10-1965,SPZ2,Khayelitsha,Normal,Male,Lucky Star Pilchards 400g,24.71,2,2.471,51.891,8/22/2026,6:57:05 PM,Card,49.42,23.934786379,12.42,8.8
575-58-8470,SPZ3,Tembisa,Member,Male,Peermont Cigarettes Single,4.02,6,1.206,25.326,8/2/2026,5:35:30 PM,Card,24.12,24.164889837,6.12,6.3
550-57-8561,SPZ1,Soweto,Normal,Female,White Star Maize Meal 2kg,35.41,2,3.541,74.361,8/22/2026,8:32:15 PM,Cash,70.82,22.619383817,16.82,5.3
515-30-9595,SPZ3,Tembisa,Member,Female,Five Roses Tea 100s,37.77,1,1.8885,39.6585,9/15/2026,7:47:51 PM,Cash,37.77,22.113796538,8.77,7.0
370-45-6711,SPZ1,Soweto,Member,Female,Lucky Star Pilchards 400g,24.22,1,1.211,25.431,9/6/2026,3:13:50 PM,Card,24.22,22.492233888,5.72,7.4
912-27-3055,SPZ2,Khayelitsha,Member,Female,Tastic Rice 2kg,44.83,1,2.2415,47.0715,8/30/2026,4:53:13 PM,Ewallet,44.83,18.758696876,8.83,8.8
968-22-3558,SPZ1,Soweto,Normal,Male,Nescafe Ricoffy 250g,54.79,3,8.2185,172.5885,9/27/2026,7:43:27 PM,Ewallet,164.37,20.493833598,35.37,9.7
960-34-3641,SPZ3,Tembisa,Normal,Male,Freshpak Rooibos 80s,29.80,1,1.49,31.29,9/29/2026,12:14:41 PM,Card,29.8,21.732182806,6.8,5.1
683-23-9813,SPZ3,Tembisa,Normal,Male,Coca-Cola 500ml,15.43,5,3.8575,81.0075,9/16/2026,2:53:06 PM,Card,77.15,30.429281239,24.65,6.7
758-30-6030,SPZ1,Soweto,Member,Female,Omo Washing Powder 500g,28.25,2,2.825,59.325,9/15/2026,4:14:36 PM,Ewallet,56.5,24.441635061,14.5,6.9
361-42-2413,SPZ1,Soweto,Normal,Female,Russell's Polony 500g,26.58,1,1.329,27.909,9/25/2026,7:06:03 PM,Cash,26.58,25.368160808,7.08,5.5
872-38-1135,SPZ1,Soweto,Member,Female,Sunlight Dishwashing 400ml,19.85,4,3.97,83.37,8/20/2026,11:58:29 AM,Ewallet,79.4,23.269761305,19.4,8.3
521-93-9740,SPZ2,Khayelitsha,Normal,Male,Coca-Cola 500ml,15.45,1,0.7725,16.2225,8/5/2026,6:31:49 PM,Card,15.45,30.513176144,4.95,4.2
381-32-7657,SPZ2,Khayelitsha,Normal,Male,Nescafe Ricoffy 250g,55.58,3,8.337,175.077,9/2/2026,4:51:32 PM,Ewallet,166.74,21.556229545,37.74,7.2
477-65-1145,SPZ3,Tembisa,Member,Female,Sunlight Dishwashing 400ml,20.59,2,2.059,43.239,7/26/2026,10:29:36 AM,Ewallet,41.18,25.856287148,11.18,4.7
845-36-3338,SPZ3,Tembisa,Normal,Male,Boxer Sugar 2kg,40.76,5,10.19,213.99,9/7/2026,9:53:12 AM,Ewallet,203.8,20.46824618,43.8,6.6
786-20-5701,SPZ1,Soweto,Member,Female,Tastic Rice 2kg,45.05,1,2.2525,47.3025,8/24/2026,1:28:46 PM,Card,45.05,19.132181174,9.05,4.4
125-57-3943,SPZ2,Khayelitsha,Normal,Female,Long Life Milk 1L,21.46,3,3.219,67.599,9/24/2026,6:51:10 PM,Cash,64.38,19.793192207,13.38,10.0
429-71-7204,SPZ1,Soweto,Normal,Female,Nescafe Ricoffy 250g,54.61,2,5.461,114.681,8/6/2026,2:19:31 PM,Cash,109.22,20.247469066,23.22,5.4
256-87-9507,SPZ2,Khayelitsha,Member,Female,Lucky Star Pilchards 400g,23.50,2,2.35,49.35,9/13/2026,5:28:16 PM,Cash,47.0,20.263424519,10.0,7.7
908-48-8206,SPZ3,Tembisa,Member,Male,Joko Tea 100s,32.04,1,1.602,33.642,10/1/2026,8:15:07 PM,Cash,32.04,20.926223173,7.04,7.7
116-13-3475,SPZ1,Soweto,Member,Male,Coca-Cola 500ml,15.28,2,1.528,32.088,9/1/2026,3:45:52 PM,Cash,30.56,29.79306906,9.56,8.8
346-50-1768,SPZ3,Tembisa,Member,Female,White Star Maize Meal 2kg,34.56,8,13.824,290.304,9/11/2026,4:33:04 PM,Card,276.48,20.833333333,60.48,6.6
983-45-9141,SPZ3,Tembisa,Normal,Male,Freshpak Rooibos 80s,29.22,3,4.383,92.043,9/13/2026,8:07:06 PM,Ewallet,87.66,20.273133209,18.66,7.5
196-76-9122,SPZ1,Soweto,Normal,Male,Tastic Rice 2kg,44.46,1,2.223,46.683,9/3/2026,11:29:37 AM,Card,44.46,18.122228649,8.46,7.9
380-86-4949,SPZ3,Tembisa,Normal,Female,Chappies Bubblegum Pack,5.07,2,0.507,10.647,8/6/2026,3:53:32 PM,Card,10.14,35.127265896,3.74,6.5
115-20-5216,SPZ3,Tembisa,Member,Female,Lucky Star Pilchards 400g,23.47,2,2.347,49.287,10/1/2026,8:39:51 PM,Card,46.94,20.167589831,9.94,4.8
288-70-9661,SPZ1,Soweto,Normal,Male,Omo Washing Powder 500g,28.36,1,1.418,29.778,9/18/2026,10:25:29 AM,Cash,28.36,24.716233461,7.36,8.0
392-61-7550,SPZ3,Tembisa,Normal,Male,Freshpak Rooibos 80s,29.45,3,4.4175,92.7675,10/2/2026,1:25:43 PM,Card,88.35,20.858598108,19.35,7.4
177-81-3825,SPZ3,Tembisa,Normal,Female,Joko Tea 100s,32.93,5,8.2325,172.8825,10/1/2026,3:49:21 PM,Card,164.65,22.934652148,39.65,5.4
681-77-4473,SPZ1,Soweto,Normal,Female,Omo Washing Powder 500g,28.58,3,4.287,90.027,9/6/2026,11:38:23 AM,Cash,85.74,25.25908894,22.74,5.0
409-20-5382,SPZ2,Khayelitsha,Member,Female,Sunlight Dishwashing 400ml,20.58,5,5.145,108.045,9/9/2026,9:45:35 AM,Cash,102.9,25.822573928,27.9,9.8
333-61-5144,SPZ1,Soweto,Member,Male,Coca-Cola 500ml,14.95,3,2.2425,47.0925,10/1/2026,10:24:29 AM,Ewallet,44.85,28.348463131,13.35,8.7
481-83-1521,SPZ1,Soweto,Member,Male,Clover Yoghurt 175g,8.78,2,0.878,18.438,8/4/2026,6:26:37 PM,Ewallet,17.56,26.900965398,4.96,5.3
573-44-6664,SPZ3,Tembisa,Normal,Male,Boxer Sugar 2kg,40.12,5,10.03,210.63,9/20/2026,7:56:44 PM,Cash,200.6,19.275506813,40.6,4.9
799-51-1776,SPZ3,Tembisa,Normal,Male,Tastic Rice 2kg,45.27,6,13.581,285.201,8/2/2026,4:50:49 PM,Cash,271.62,19.502035407,55.62,8.9
560-69-8652,SPZ2,Khayelitsha,Normal,Male,Airtime Voucher R10,10.10,6,3.03,63.63,8/27/2026,6:47:59 PM,Ewallet,60.6,8.486562942,5.4,8.7
441-67-8897,SPZ1,Soweto,Member,Male,White Star Maize Meal 2kg,34.39,1,1.7195,36.1095,9/15/2026,7:07:15 PM,Cash,34.39,20.465528462,7.39,8.0
523-39-3265,SPZ1,Soweto,Member,Female,Coca-Cola 500ml,14.57,2,1.457,30.597,8/13/2026,8:04:28 AM,Cash,29.14,26.603915417,8.14,6.5
721-65-4318,SPZ1,Soweto,Member,Female,Koo Baked Beans 410g,15.57,6,4.671,98.091,8/27/2026,5:31:26 PM,Cash,93.42,24.895250329,24.42,4.1
957-22-7201,SPZ2,Khayelitsha,Normal,Male,Freshpak Rooibos 80s,30.65,2,3.065,64.365,7/21/2026,8:03:54 PM,Card,61.3,23.770682825,15.3,7.0
774-23-9159,SPZ2,Khayelitsha,Normal,Male,Boxer Sugar 2kg,40.10,2,4.01,84.21,9/15/2026,1:39:04 PM,Cash,80.2,19.237620235,16.2,7.0
784-10-8775,SPZ2,Khayelitsha,Member,Female,Chappies Bubblegum Pack,4.86,5,1.215,25.515,9/21/2026,2:55:49 PM,Ewallet,24.3,32.529884382,8.3,8.0
509-82-1477,SPZ3,Tembisa,Normal,Female,Peermont Cigarettes Single,4.03,2,0.403,8.463,9/5/2026,8:18:40 AM,Ewallet,8.06,24.341250148,2.06,7.3
782-11-3421,SPZ2,Khayelitsha,Normal,Male,Boxer Sugar 2kg,39.53,6,11.859,249.039,9/15/2026,4:09:39 PM,Cash,237.18,18.141736836,45.18,4.3
835-77-6332,SPZ3,Tembisa,Member,Male,Airtime Voucher R10,9.84,2,0.984,20.664,7/22/2026,5:10:51 PM,Cash,19.68,6.194347658,1.28,5.4
119-77-5435,SPZ2,Khayelitsha,Normal,Male,Nescafe Ricoffy 250g,53.93,3,8.0895,169.8795,9/3/2026,1:22:09 PM,Cash,161.79,19.301916947,32.79,8.6
259-58-3192,SPZ1,Soweto,Normal,Male,Joko Tea 100s,33.36,4,6.672,140.112,8/11/2026,8:00:25 PM,Ewallet,133.44,23.866620989,33.44,6.0
321-29-6033,SPZ1,Soweto,Member,Male,Clover Yoghurt 175g,9.14,2,0.914,19.194,9/28/2026,8:51:29 PM,Cash,18.28,29.592581015,5.68,9.0
953-26-4033,SPZ2,Khayelitsha,Normal,Female,Omo Washing Powder 500g,28.46,3,4.269,89.649,9/27/2026,8:16:06 PM,Ewallet,85.38,24.96402637,22.38,9.0
980-57-3490,SPZ3,Tembisa,Member,Male,Airtime Voucher R10,10.18,3,1.527,32.067,8/9/2026,5:36:28 PM,Ewallet,30.54,9.168303864,2.94,5.1
577-79-3614,SPZ3,Tembisa,Normal,Male,Coca-Cola 500ml,14.83,1,0.7415,15.5715,9/28/2026,10:49:19 AM,Cash,14.83,27.807211894,4.33,5.7
185-26-5044,SPZ2,Khayelitsha,Normal,Male,Albany White Bread 700g,17.95,1,0.8975,18.8475,8/28/2026,9:10:13 AM,Card,17.95,26.263430163,4.95,9.5
903-68-9711,SPZ2,Khayelitsha,Normal,Male,Tastic Rice 2kg,44.19,3,6.6285,139.1985,9/15/2026,8:01:25 AM,Card,132.57,17.651052274,24.57,6.6
914-71-5975,SPZ3,Tembisa,Normal,Male,Long Life Milk 1L,21.62,2,2.162,45.402,7/30/2026,1:18:18 PM,Cash,43.24,20.351526364,9.24,5.7
817-92-3564,SPZ3,Tembisa,Normal,Male,Freshpak Rooibos 80s,29.56,1,1.478,31.038,9/4/2026,4:28:55 PM,Cash,29.56,21.135382434,6.56,4.6
186-60-3556,SPZ3,Tembisa,Normal,Female,Tastic Rice 2kg,44.67,1,2.2335,46.9035,9/6/2026,1:53:53 PM,Ewallet,44.67,18.484761265,8.67,7.8
589-88-3276,SPZ3,Tembisa,Member,Female,Nescafe Ricoffy 250g,54.30,5,13.575,285.075,8/7/2026,12:28:53 PM,Ewallet,271.5,19.819345786,56.5,8.6
537-12-8675,SPZ1,Soweto,Normal,Male,Coca-Cola 500ml,14.80,2,1.48,31.08,9/7/2026,7:26:45 AM,Ewallet,29.6,27.670527671,8.6,7.0
802-68-8099,SPZ3,Tembisa,Normal,Female,Sunlight Dishwashing 400ml,19.77,1,0.9885,20.7585,9/24/2026,6:05:05 PM,Cash,19.77,22.978538912,4.77,6.2
459-83-7850,SPZ3,Tembisa,Member,Male,Russell's Polony 500g,26.39,4,5.278,110.838,8/18/2026,11:33:07 AM,Ewallet,105.56,24.865118461,27.56,9.6
611-82-9373,SPZ1,Soweto,Member,Male,Airtime Voucher R10,9.93,10,4.965,104.265,9/13/2026,3:27:21 PM,Cash,99.3,7.001390687,7.3,8.4
519-78-2257,SPZ3,Tembisa,Member,Male,Lucky Star Pilchards 400g,23.62,4,4.724,99.204,7/28/2026,11:50:05 AM,Cash,94.48,20.644328858,20.48,6.6
245-80-6319,SPZ1,Soweto,Normal,Male,White Star Maize Meal 2kg,35.88,5,8.97,188.37,9/17/2026,6:05:24 PM,Cash,179.4,23.570632266,44.4,5.8
373-33-8663,SPZ1,Soweto,Member,Male,Koo Baked Beans 410g,16.12,1,0.806,16.926,7/25/2026,2:20:02 PM,Card,16.12,27.29528536,4.62,6.7
166-34-5975,SPZ3,Tembisa,Normal,Female,White Star Maize Meal 2kg,35.20,3,5.28,110.88,10/1/2026,12:48:51 PM,Ewallet,105.6,22.186147186,24.6,6.4
555-98-8061,SPZ1,Soweto,Normal,Female,Tastic Rice 2kg,44.69,3,6.7035,140.7735,8/19/2026,7:06:35 PM,Card,134.07,18.519110486,26.07,5.9
464-99-7202,SPZ3,Tembisa,Member,Male,Lucky Star Pilchards 400g,24.32,2,2.432,51.072,8/18/2026,6:14:19 PM,Ewallet,48.64,22.791353383,11.64,8.6
902-93-4430,SPZ2,Khayelitsha,Normal,Male,Koo Baked Beans 410g,16.13,3,2.4195,50.8095,9/28/2026,7:37:34 AM,Card,48.39,27.337407375,13.89,7.0
751-66-4375,SPZ1,Soweto,Normal,Female,Coca-Cola 500ml,15.18,1,0.759,15.939,9/23/2026,10:20:30 AM,Ewallet,15.18,29.361942405,4.68,8.1
691-28-3833,SPZ1,Soweto,Normal,Female,Tastic Rice 2kg,43.71,1,2.1855,45.8955,8/14/2026,10:19:25 AM,Cash,43.71,16.799032585,7.71,9.5
390-96-6629,SPZ2,Khayelitsha,Normal,Male,Chappies Bubblegum Pack,4.93,2,0.493,10.353,8/30/2026,4:09:06 PM,Cash,9.86,33.420264658,3.46,5.6
416-46-1222,SPZ3,Tembisa,Normal,Male,Freshpak Rooibos 80s,29.57,2,2.957,62.097,8/27/2026,12:49:12 PM,Cash,59.14,21.160442533,13.14,8.4
610-49-6998,SPZ2,Khayelitsha,Member,Female,Long Life Milk 1L,22.01,2,2.201,46.221,8/29/2026,5:23:21 PM,Card,44.02,21.678457844,10.02,4.5
722-98-2615,SPZ2,Khayelitsha,Member,Male,Omo Washing Powder 500g,27.96,2,2.796,58.716,9/30/2026,7:16:35 PM,Cash,55.92,23.707337012,13.92,4.8
482-95-1947,SPZ2,Khayelitsha,Member,Male,White Star Maize Meal 2kg,35.07,5,8.7675,184.1175,7/23/2026,6:33:15 PM,Card,175.35,21.915352968,40.35,6.1
625-77-3858,SPZ1,Soweto,Member,Male,Tastic Rice 2kg,43.76,1,2.188,45.948,9/9/2026,2:12:02 PM,Card,43.76,16.888656742,7.76,4.7
312-54-1327,SPZ2,Khayelitsha,Normal,Female,Tastic Rice 2kg,44.92,6,13.476,282.996,8/7/2026,10:37:48 AM,Cash,269.52,18.911928084,53.52,6.0
445-29-2677,SPZ1,Soweto,Member,Female,Nescafe Ricoffy 250g,55.90,4,11.18,234.78,8/15/2026,3:07:44 PM,Card,223.6,21.978021978,51.6,7.6
582-44-6614,SPZ2,Khayelitsha,Normal,Male,Joko Tea 100s,32.10,6,9.63,202.23,9/18/2026,1:06:48 PM,Cash,192.6,21.065123869,42.6,6.3
785-20-9659,SPZ1,Soweto,Member,Male,Five Roses Tea 100s,38.40,2,3.84,80.64,9/7/2026,8:13:54 AM,Cash,76.8,23.313492063,18.8,9.8
640-15-5437,SPZ2,Khayelitsha,Member,Female,Airtime Voucher R10,9.87,1,0.4935,10.3635,9/9/2026,2:28:38 PM,Cash,9.87,6.464997346,0.67,9.5
598-62-6928,SPZ1,Soweto,Member,Female,Coca-Cola 500ml,15.36,3,2.304,48.384,9/21/2026,10:15:09 AM,Card,46.08,30.133928571,14.58,7.5
239-73-9048,SPZ3,Tembisa,Member,Male,Russell's Polony 500g,26.53,4,5.306,111.426,9/19/2026,3:06:31 PM,Ewallet,106.12,25.236479816,28.12,4.3
472-82-2604,SPZ3,Tembisa,Member,Male,Freshpak Rooibos 80s,29.60,1,1.48,31.08,9/1/2026,9:32:56 AM,Cash,29.6,21.235521236,6.6,4.7
595-94-4456,SPZ2,Khayelitsha,Normal,Female,Sunlight Dishwashing 400ml,19.55,2,1.955,41.055,7/18/2026,12:14:20 PM,Ewallet,39.1,22.165387894,9.1,4.2
944-36-6474,SPZ3,Tembisa,Member,Male,Peermont Cigarettes Single,3.99,2,0.399,8.379,9/15/2026,9:35:43 AM,Card,7.98,23.630504834,1.98,4.3
251-97-1779,SPZ3,Tembisa,Normal,Male,Tastic Rice 2kg,45.40,4,9.08,190.68,8/5/2026,6:47:47 PM,Card,181.6,19.718900776,37.6,7.1
674-76-6926,SPZ1,Soweto,Normal,Male,White Star Maize Meal 2kg,34.64,3,5.196,109.116,9/12/2026,1:36:03 PM,Card,103.92,21.005168811,22.92,4.4
279-85-2964,SPZ2,Khayelitsha,Normal,Male,Nescafe Ricoffy 250g,53.41,4,10.682,224.322,8/21/2026,11:38:05 AM,Cash,213.64,18.562601974,41.64,6.4
956-95-4949,SPZ1,Soweto,Normal,Female,Chappies Bubblegum Pack,5.11,3,0.7665,16.0965,9/11/2026,9:55:03 AM,Ewallet,15.33,35.597800764,5.73,9.5
217-54-8524,SPZ2,Khayelitsha,Member,Male,Long Life Milk 1L,21.65,4,4.33,90.93,9/28/2026,2:28:24 PM,Card,86.6,20.455295282,18.6,9.2
233-22-1128,SPZ3,Tembisa,Normal,Female,Nescafe Ricoffy 250g,55.55,2,5.555,116.655,9/21/2026,8:46:51 AM,Cash,111.1,21.516437358,25.1,9.3
192-66-3978,SPZ2,Khayelitsha,Normal,Male,Russell's Polony 500g,25.58,2,2.558,53.718,9/8/2026,6:46:07 PM,Card,51.16,22.636732566,12.16,7.4
558-25-6276,SPZ1,Soweto,Member,Male,Freshpak Rooibos 80s,30.79,1,1.5395,32.3295,9/28/2026,7:07:16 AM,Card,30.79,24.095640205,7.79,7.0
259-47-5292,SPZ3,Tembisa,Normal,Male,Airtime Voucher R10,9.85,3,1.4775,31.0275,9/10/2026,9:57:32 AM,Ewallet,29.55,6.284747401,1.95,5.7
513-70-7495,SPZ2,Khayelitsha,Member,Female,Lucky Star Pilchards 400g,24.32,1,1.216,25.536,8/12/2026,10:28:08 AM,Cash,24.32,22.791353383,5.82,8.9
231-56-8548,SPZ1,Soweto,Member,Male,Clover Yoghurt 175g,8.91,1,0.4455,9.3555,9/3/2026,5:16:11 PM,Cash,8.91,27.898027898,2.61,9.9
366-21-4467,SPZ1,Soweto,Member,Female,Airtime Voucher R10,9.70,4,1.94,40.74,9/16/2026,5:49:34 PM,Ewallet,38.8,4.909180167,2.0,6.6
814-82-2859,SPZ1,Soweto,Member,Male,Airtime Voucher R10,10.17,3,1.5255,32.0355,9/7/2026,4:15:18 PM,Cash,30.51,9.0836728,2.91,8.2
871-53-8444,SPZ3,Tembisa,Member,Female,Russell's Polony 500g,26.57,1,1.3285,27.8985,9/11/2026,8:33:05 PM,Card,26.57,25.341864258,7.07,6.9
303-87-6307,SPZ3,Tembisa,Normal,Female,Five Roses Tea 100s,38.64,3,5.796,121.716,10/3/2026,7:07:25 PM,Card,115.92,23.760228729,28.92,8.3
447-44-5059,SPZ2,Khayelitsha,Member,Female,Albany White Bread 700g,17.62,2,1.762,37.002,9/14/2026,10:49:02 AM,Cash,35.24,24.971623156,9.24,5.1
844-63-8672,SPZ3,Tembisa,Member,Male,Coca-Cola 500ml,14.77,2,1.477,31.017,9/12/2026,8:35:11 AM,Card,29.54,27.533288197,8.54,6.9
401-98-2776,SPZ2,Khayelitsha,Member,Female,White Star Maize Meal 2kg,34.00,1,1.7,35.7,9/26/2026,7:41:20 AM,Ewallet,34.0,19.607843137,7.0,5.1
410-59-3220,SPZ1,Soweto,Normal,Male,Omo Washing Powder 500g,27.38,1,1.369,28.749,8/11/2026,5:18:20 PM,Card,27.38,22.192076246,6.38,6.4
883-78-2926,SPZ1,Soweto,Normal,Male,Tastic Rice 2kg,45.29,2,4.529,95.109,8/30/2026,7:05:33 PM,Cash,90.58,19.535480344,18.58,8.5
915-43-6198,SPZ2,Khayelitsha,Member,Male,Coca-Cola 500ml,15.03,1,0.7515,15.7815,9/28/2026,12:55:26 PM,Ewallet,15.03,28.70449577,4.53,8.2
768-15-6566,SPZ2,Khayelitsha,Normal,Female,Five Roses Tea 100s,37.64,1,1.882,39.522,9/22/2026,6:07:23 PM,Ewallet,37.64,21.86124184,8.64,9.0
878-80-6939,SPZ2,Khayelitsha,Normal,Female,Simba Chips 120g,17.84,3,2.676,56.196,9/8/2026,6:20:56 PM,Cash,53.52,26.905829596,15.12,6.4
929-77-5635,SPZ1,Soweto,Member,Female,Albany White Bread 700g,17.70,3,2.655,55.755,9/28/2026,7:55:19 PM,Ewallet,53.1,25.28921173,14.1,6.6
926-98-1019,SPZ3,Tembisa,Member,Male,Long Life Milk 1L,22.24,8,8.896,186.816,9/10/2026,9:58:15 AM,Cash,177.92,22.439191504,41.92,6.7
978-83-7520,SPZ3,Tembisa,Normal,Female,White Star Maize Meal 2kg,34.74,6,10.422,218.862,7/16/2026,10:48:49 AM,Cash,208.44,21.218850234,46.44,4.9
472-65-3069,SPZ1,Soweto,Normal,Male,Tastic Rice 2kg,44.47,4,8.894,186.774,10/2/2026,7:14:43 PM,Ewallet,177.88,18.139569747,33.88,6.9
970-80-3438,SPZ3,Tembisa,Member,Female,Coca-Cola 500ml,15.19,8,6.076,127.596,9/13/2026,5:33:21 PM,Card,121.52,29.405310511,37.52,8.2
580-19-2449,SPZ1,Soweto,Normal,Female,Russell's Polony 500g,26.77,3,4.0155,84.3255,9/20/2026,8:25:23 PM,Cash,80.31,25.864062472,21.81,4.3
693-49-9688,SPZ2,Khayelitsha,Normal,Female,Nescafe Ricoffy 250g,56.35,5,14.0875,295.8375,8/21/2026,2:41:05 PM,Ewallet,281.75,22.563062492,66.75,7.4
954-36-4908,SPZ3,Tembisa,Member,Male,Long Life Milk 1L,22.01,4,4.402,92.442,8/17/2026,1:04:26 PM,Cash,88.04,21.678457844,20.04,7.3
498-86-5912,SPZ3,Tembisa,Member,Female,Simba Chips 120g,17.48,2,1.748,36.708,8/27/2026,1:17:18 PM,Card,34.96,25.498528931,9.36,9.5
128-72-3879,SPZ3,Tembisa,Member,Female,Long Life Milk 1L,21.96,3,3.294,69.174,9/5/2026,11:25:02 AM,Card,65.88,21.510972331,14.88,5.1
964-53-6411,SPZ1,Soweto,Normal,Female,Coca-Cola 500ml,15.07,6,4.521,94.941,9/21/2026,4:07:21 PM,Cash,90.42,28.881094575,27.42,6.3
613-23-1035,SPZ1,Soweto,Normal,Male,Albany White Bread 700g,17.46,10,8.73,183.33,8/13/2026,7:37:54 AM,Card,174.6,24.327715049,44.6,5.9
469-19-7266,SPZ3,Tembisa,Normal,Male,Coca-Cola 500ml,14.62,2,1.462,30.702,9/10/2026,12:16:34 PM,Card,29.24,26.838642434,8.24,8.2
768-68-2557,SPZ3,Tembisa,Normal,Male,Five Roses Tea 100s,36.97,1,1.8485,38.8185,9/2/2026,11:16:01 AM,Ewallet,36.97,20.531447635,7.97,7.3
913-40-3926,SPZ2,Khayelitsha,Normal,Female,Albany White Bread 700g,17.75,4,3.55,74.55,9/19/2026,12:06:09 PM,Ewallet,71.0,25.486250838,19.0,9.1
979-13-9889,SPZ1,Soweto,Member,Male,Freshpak Rooibos 80s,30.21,3,4.5315,95.1615,9/6/2026,7:53:16 PM,Card,90.63,22.729780426,21.63,8.9
657-26-3097,SPZ3,Tembisa,Normal,Female,Russell's Polony 500g,25.68,1,1.284,26.964,8/28/2026,1:26:54 PM,Ewallet,25.68,22.919448153,6.18,8.1
118-17-8069,SPZ2,Khayelitsha,Normal,Male,Coca-Cola 500ml,15.44,1,0.772,16.212,9/27/2026,6:11:45 PM,Cash,15.44,30.47125586,4.94,9.1
549-84-2852,SPZ1,Soweto,Normal,Female,Albany White Bread 700g,17.65,1,0.8825,18.5325,9/13/2026,2:13:59 PM,Card,17.65,25.091056253,4.65,5.4
648-22-2584,SPZ1,Soweto,Normal,Female,Boxer Sugar 2kg,40.48,2,4.048,85.008,10/3/2026,9:50:25 AM,Cash,80.96,19.951063429,16.96,8.8
583-70-7184,SPZ2,Khayelitsha,Member,Female,Five Roses Tea 100s,38.80,1,1.94,40.74,7/31/2026,10:42:50 AM,Card,38.8,24.054982818,9.8,8.1
481-38-4879,SPZ2,Khayelitsha,Member,Female,Long Life Milk 1L,22.52,10,11.26,236.46,8/14/2026,2:18:35 PM,Ewallet,225.2,23.344328851,55.2,7.3
333-54-6424,SPZ1,Soweto,Member,Male,Boxer Sugar 2kg,39.85,3,5.9775,125.5275,9/25/2026,8:25:32 PM,Card,119.55,18.7608293,23.55,9.2
292-13-9617,SPZ2,Khayelitsha,Member,Male,Nescafe Ricoffy 250g,53.35,1,2.6675,56.0175,8/6/2026,9:47:29 AM,Card,53.35,18.476368992,10.35,4.2
355-51-9201,SPZ1,Soweto,Member,Male,Peermont Cigarettes Single,3.93,6,1.179,24.759,9/2/2026,10:22:41 AM,Ewallet,23.58,22.537259178,5.58,5.2
864-66-6836,SPZ2,Khayelitsha,Member,Female,Long Life Milk 1L,21.37,8,8.548,179.508,8/24/2026,4:45:51 PM,Cash,170.96,19.475455133,34.96,9.8
579-12-5709,SPZ3,Tembisa,Normal,Female,Nescafe Ricoffy 250g,54.38,1,2.719,57.099,9/13/2026,9:53:53 AM,Cash,54.38,19.930296503,11.38,9.5
928-21-2979,SPZ2,Khayelitsha,Normal,Male,Coca-Cola 500ml,15.02,5,3.755,78.855,7/30/2026,8:57:28 AM,Card,75.1,28.6601991,22.6,8.7
432-87-1031,SPZ3,Tembisa,Normal,Male,Clover Yoghurt 175g,9.25,2,0.925,19.425,8/3/2026,8:34:53 PM,Ewallet,18.5,30.373230373,5.9,5.3
500-17-6665,SPZ2,Khayelitsha,Normal,Male,Omo Washing Powder 500g,28.42,1,1.421,29.841,9/23/2026,5:00:05 PM,Ewallet,28.42,24.865118461,7.42,5.9
310-67-4805,SPZ2,Khayelitsha,Normal,Male,Chappies Bubblegum Pack,5.01,4,1.002,21.042,10/3/2026,2:12:44 PM,Card,20.04,34.407375725,7.24,6.0
226-72-1798,SPZ3,Tembisa,Member,Male,Russell's Polony 500g,25.82,1,1.291,27.111,9/21/2026,4:14:26 PM,Cash,25.82,23.311570949,6.32,4.6
375-54-3434,SPZ1,Soweto,Normal,Female,Peermont Cigarettes Single,4.01,3,0.6015,12.6315,7/24/2026,9:52:56 AM,Cash,12.03,23.987649923,3.03,6.5
780-91-7002,SPZ3,Tembisa,Member,Male,Chappies Bubblegum Pack,4.92,1,0.246,5.166,9/4/2026,3:29:03 PM,Cash,4.92,33.29461866,1.72,5.8
365-56-7261,SPZ3,Tembisa,Member,Female,White Star Maize Meal 2kg,35.73,1,1.7865,37.5165,8/5/2026,10:47:42 AM,Cash,35.73,23.269761305,8.73,5.0
119-74-6056,SPZ1,Soweto,Normal,Male,Tastic Rice 2kg,44.01,1,2.2005,46.2105,9/25/2026,5:15:54 PM,Ewallet,44.01,17.333722855,8.01,6.0
564-81-2922,SPZ3,Tembisa,Member,Female,Lucky Star Pilchards 400g,24.48,2,2.448,51.408,8/18/2026,2:29:42 PM,Cash,48.96,23.2648615,11.96,4.8
300-83-5871,SPZ1,Soweto,Member,Male,Peermont Cigarettes Single,4.03,2,0.403,8.463,9/14/2026,5:12:40 PM,Cash,8.06,24.341250148,2.06,4.4
789-63-4828,SPZ1,Soweto,Normal,Female,Koo Baked Beans 410g,15.79,1,0.7895,16.5795,9/4/2026,8:12:36 AM,Card,15.79,25.875327965,4.29,6.4
245-77-4436,SPZ3,Tembisa,Normal,Male,Omo Washing Powder 500g,27.39,1,1.3695,28.7595,8/4/2026,7:33:11 PM,Cash,27.39,22.21874511,6.39,7.8
324-18-9679,SPZ1,Soweto,Member,Male,Boxer Sugar 2kg,39.64,6,11.892,249.732,8/19/2026,9:25:04 AM,Ewallet,237.84,18.355677286,45.84,7.9
642-53-7130,SPZ2,Khayelitsha,Normal,Female,Albany White Bread 700g,17.09,2,1.709,35.889,8/3/2026,4:38:48 PM,Ewallet,34.18,22.792499094,8.18,9.6
406-36-4545,SPZ1,Soweto,Member,Female,Joko Tea 100s,33.81,5,8.4525,177.5025,9/10/2026,8:44:10 PM,Card,169.05,24.81655188,44.05,9.6
823-44-5941,SPZ2,Khayelitsha,Normal,Female,Sunlight Dishwashing 400ml,20.28,1,1.014,21.294,9/29/2026,1:50:30 PM,Ewallet,20.28,24.795717103,5.28,8.7
645-49-5894,SPZ1,Soweto,Member,Female,Nescafe Ricoffy 250g,54.99,2,5.499,115.479,9/17/2026,2:44:02 PM,Card,109.98,20.76568034,23.98,7.9
236-68-1301,SPZ3,Tembisa,Member,Female,Five Roses Tea 100s,37.95,1,1.8975,39.8475,7/31/2026,9:28:28 AM,Card,37.95,22.460631156,8.95,6.0
311-57-4684,SPZ1,Soweto,Normal,Female,Freshpak Rooibos 80s,29.99,4,5.998,125.958,8/10/2026,7:20:20 PM,Card,119.96,22.197875482,27.96,4.0
442-98-1589,SPZ1,Soweto,Member,Male,Russell's Polony 500g,26.03,1,1.3015,27.3315,8/8/2026,4:28:37 PM,Ewallet,26.03,23.891846404,6.53,7.6
338-38-8937,SPZ3,Tembisa,Normal,Male,Chappies Bubblegum Pack,4.96,2,0.496,10.416,8/25/2026,1:41:31 PM,Card,9.92,33.794162826,3.52,5.2
829-42-2160,SPZ3,Tembisa,Member,Male,Boxer Sugar 2kg,40.71,1,2.0355,42.7455,9/21/2026,3:07:13 PM,Card,40.71,20.376413892,8.71,6.5
151-30-4300,SPZ1,Soweto,Normal,Male,Boxer Sugar 2kg,39.68,5,9.92,208.32,9/7/2026,10:30:05 AM,Cash,198.4,18.433179724,38.4,9.5
968-88-5657,SPZ3,Tembisa,Member,Female,Koo Baked Beans 410g,15.77,6,4.731,99.351,9/6/2026,2:00:06 PM,Ewallet,94.62,25.787359966,25.62,8.3
571-27-8700,SPZ3,Tembisa,Member,Male,Omo Washing Powder 500g,28.69,3,4.3035,90.3735,9/27/2026,11:55:40 AM,Cash,86.07,25.527394646,23.07,7.7
170-39-7366,SPZ2,Khayelitsha,Normal,Female,Chappies Bubblegum Pack,5.10,6,1.53,32.13,9/20/2026,3:22:19 PM,Cash,30.6,35.48085901,11.4,9.5
271-23-6144,SPZ2,Khayelitsha,Normal,Female,Long Life Milk 1L,21.52,2,2.152,45.192,8/21/2026,6:55:57 PM,Ewallet,43.04,20.00354045,9.04,9.8
197-18-2360,SPZ2,Khayelitsha,Normal,Male,Airtime Voucher R10,10.27,2,1.027,21.567,8/30/2026,9:11:09 AM,Cash,20.54,9.922566885,2.14,8.6
463-22-1561,SPZ3,Tembisa,Member,Male,Simba Chips 120g,17.81,3,2.6715,56.1015,9/21/2026,8:14:15 AM,Card,53.43,26.790727521,15.03,8.6
445-16-4856,SPZ1,Soweto,Normal,Male,Albany White Bread 700g,17.85,3,2.6775,56.2275,9/12/2026,2:53:20 PM,Card,53.55,25.877017474,14.55,4.7
321-98-3124,SPZ1,Soweto,Member,Male,Boxer Sugar 2kg,41.10,1,2.055,43.155,9/27/2026,8:40:50 AM,Ewallet,41.1,21.086780211,9.1,6.9
196-53-4916,SPZ1,Soweto,Member,Male,Albany White Bread 700g,18.00,1,0.9,18.9,9/23/2026,6:00:00 PM,Ewallet,18.0,26.455026455,5.0,5.6
181-23-5730,SPZ1,Soweto,Normal,Female,Clover Yoghurt 175g,8.75,1,0.4375,9.1875,8/15/2026,1:49:32 PM,Ewallet,8.75,26.666666667,2.45,5.1
544-69-7240,SPZ3,Tembisa,Normal,Male,Sunlight Dishwashing 400ml,19.48,2,1.948,40.908,9/1/2026,2:02:37 PM,Cash,38.96,21.902806297,8.96,4.3
646-86-9166,SPZ2,Khayelitsha,Normal,Male,Coca-Cola 500ml,15.19,1,0.7595,15.9495,9/12/2026,12:37:30 PM,Card,15.19,29.405310511,4.69,7.0
464-52-5155,SPZ1,Soweto,Member,Female,Joko Tea 100s,33.73,2,3.373,70.833,8/6/2026,9:32:01 AM,Ewallet,67.46,24.649527762,17.46,8.9
407-53-8232,SPZ3,Tembisa,Normal,Female,Russell's Polony 500g,26.21,1,1.3105,27.5205,10/1/2026,10:19:04 AM,Cash,26.21,24.381824458,6.71,9.1
978-14-5957,SPZ2,Khayelitsha,Normal,Female,Nescafe Ricoffy 250g,55.28,1,2.764,58.044,8/30/2026,10:50:05 AM,Ewallet,55.28,21.156364138,12.28,5.3
502-10-6270,SPZ2,Khayelitsha,Normal,Male,Clover Yoghurt 175g,8.92,1,0.446,9.366,9/19/2026,1:30:01 PM,Cash,8.92,27.973521247,2.62,4.3
482-99-7241,SPZ1,Soweto,Member,Male,Five Roses Tea 100s,38.97,4,7.794,163.674,9/15/2026,3:35:30 PM,Cash,155.88,24.365507044,39.88,4.5
658-31-4154,SPZ1,Soweto,Member,Female,Peermont Cigarettes Single,3.92,2,0.392,8.232,8/31/2026,3:53:01 PM,Card,7.84,22.351797862,1.84,8.1
165-81-8216,SPZ1,Soweto,Member,Female,White Star Maize Meal 2kg,34.33,3,5.1495,108.1395,10/2/2026,1:21:43 PM,Cash,102.99,20.334845269,21.99,6.2
886-23-2237,SPZ1,Soweto,Normal,Female,Simba Chips 120g,18.43,5,4.6075,96.7575,9/22/2026,9:57:29 AM,Card,92.15,29.093351937,28.15,5.3
604-79-6348,SPZ1,Soweto,Normal,Female,Omo Washing Powder 500g,28.48,5,7.12,149.52,10/3/2026,12:45:58 PM,Ewallet,142.4,25.013376137,37.4,8.4
595-56-7208,SPZ2,Khayelitsha,Member,Female,Freshpak Rooibos 80s,29.65,2,2.965,62.265,8/17/2026,4:17:58 PM,Card,59.3,21.360314784,13.3,5.0
149-89-8019,SPZ2,Khayelitsha,Normal,Male,Chappies Bubblegum Pack,4.88,1,0.244,5.124,10/2/2026,11:56:49 AM,Ewallet,4.88,32.786885246,1.68,4.9
954-69-9068,SPZ3,Tembisa,Member,Female,White Star Maize Meal 2kg,35.34,1,1.767,37.107,9/13/2026,8:44:30 AM,Ewallet,35.34,22.475543698,8.34,4.7
262-72-4967,SPZ2,Khayelitsha,Normal,Female,Simba Chips 120g,17.74,2,1.774,37.254,9/17/2026,5:22:24 PM,Cash,35.48,26.520642079,9.88,4.4
360-11-7728,SPZ1,Soweto,Normal,Female,Airtime Voucher R10,9.88,5,2.47,51.87,9/16/2026,4:47:41 PM,Ewallet,49.4,6.55484866,3.4,9.0
466-19-3396,SPZ1,Soweto,Member,Female,Boxer Sugar 2kg,39.85,2,3.985,83.685,7/31/2026,4:43:17 PM,Ewallet,79.7,18.7608293,15.7,6.7
383-87-9428,SPZ2,Khayelitsha,Member,Male,Simba Chips 120g,17.83,6,5.349,112.329,8/21/2026,10:51:42 AM,Cash,106.98,26.867505275,30.18,9.4
975-16-5009,SPZ2,Khayelitsha,Member,Male,Long Life Milk 1L,22.60,4,4.52,94.92,8/29/2026,8:34:32 AM,Card,90.4,23.598820059,22.4,6.2
108-81-2217,SPZ1,Soweto,Normal,Male,Clover Yoghurt 175g,9.16,2,0.916,19.236,10/3/2026,11:38:23 AM,Cash,18.32,29.735911832,5.72,7.3
626-76-3579,SPZ3,Tembisa,Member,Female,Coca-Cola 500ml,14.73,3,2.2095,46.3995,9/29/2026,12:32:30 PM,Cash,44.19,27.349432645,12.69,4.4
671-32-6543,SPZ3,Tembisa,Member,Female,Nescafe Ricoffy 250g,56.07,5,14.0175,294.3675,10/1/2026,6:12:35 PM,Card,280.35,22.20014098,65.35,7.8
846-19-3871,SPZ2,Khayelitsha,Normal,Female,Boxer Sugar 2kg,41.19,1,2.0595,43.2495,9/27/2026,7:12:18 PM,Card,41.19,21.248800564,9.19,4.4
638-98-8840,SPZ3,Tembisa,Member,Male,Nescafe Ricoffy 250g,55.16,5,13.79,289.59,9/27/2026,3:13:40 PM,Cash,275.8,20.995200111,60.8,7.3
146-93-3393,SPZ3,Tembisa,Normal,Female,Freshpak Rooibos 80s,29.18,2,2.918,61.278,9/9/2026,8:51:25 AM,Cash,58.36,20.170371096,12.36,9.4
294-26-9987,SPZ3,Tembisa,Normal,Male,Tastic Rice 2kg,44.74,2,4.474,93.954,9/22/2026,1:45:26 PM,Ewallet,89.48,18.604849182,17.48,5.7
425-78-9739,SPZ1,Soweto,Member,Female,Five Roses Tea 100s,37.27,6,11.181,234.801,8/28/2026,12:43:52 PM,Ewallet,223.62,21.132789043,49.62,9.5
768-64-7911,SPZ3,Tembisa,Member,Female,Chappies Bubblegum Pack,4.92,3,0.738,15.498,9/7/2026,5:45:21 PM,Cash,14.76,33.29461866,5.16,6.1
918-41-3997,SPZ1,Soweto,Normal,Male,Omo Washing Powder 500g,28.65,4,5.73,120.33,9/6/2026,12:11:39 PM,Ewallet,114.6,25.430067315,30.6,5.4
883-94-9911,SPZ3,Tembisa,Normal,Male,Albany White Bread 700g,17.83,3,2.6745,56.1645,9/18/2026,4:48:16 PM,Card,53.49,25.799214807,14.49,6.6
418-57-9403,SPZ2,Khayelitsha,Normal,Male,Albany White Bread 700g,17.07,4,3.414,71.694,9/6/2026,12:07:40 PM,Cash,68.28,22.70761849,16.28,9.2
270-65-1402,SPZ2,Khayelitsha,Member,Male,Clover Yoghurt 175g,8.86,2,0.886,18.606,9/27/2026,8:43:56 AM,Card,17.72,27.518004945,5.12,9.8
605-45-4315,SPZ3,Tembisa,Member,Female,Tastic Rice 2kg,44.83,2,4.483,94.143,9/28/2026,4:17:39 PM,Card,89.66,18.758696876,17.66,4.9
259-81-6335,SPZ3,Tembisa,Member,Male,Russell's Polony 500g,26.24,1,1.312,27.552,9/12/2026,7:18:52 PM,Cash,26.24,24.462833914,6.74,4.4
337-37-3266,SPZ1,Soweto,Member,Male,Lucky Star Pilchards 400g,23.82,2,2.382,50.022,9/7/2026,3:48:52 PM,Ewallet,47.64,21.270640918,10.64,5.2
530-98-9280,SPZ1,Soweto,Member,Female,Boxer Sugar 2kg,39.57,10,19.785,415.485,9/10/2026,12:07:32 PM,Ewallet,395.7,18.219670987,75.7,8.2
155-80-4280,SPZ3,Tembisa,Member,Male,Omo Washing Powder 500g,28.46,3,4.269,89.649,9/12/2026,12:02:18 PM,Ewallet,85.38,24.96402637,22.38,8.6
215-81-8142,SPZ3,Tembisa,Member,Male,Koo Baked Beans 410g,15.54,1,0.777,16.317,9/27/2026,4:32:01 PM,Card,15.54,24.759453331,4.04,7.9
515-19-8599,SPZ1,Soweto,Member,Male,Simba Chips 120g,17.69,8,7.076,148.596,10/2/2026,2:55:54 PM,Ewallet,141.52,26.326415247,39.12,4.5
799-15-7508,SPZ2,Khayelitsha,Normal,Male,Peermont Cigarettes Single,3.90,2,0.39,8.19,9/5/2026,1:44:30 PM,Card,7.8,21.978021978,1.8,7.5
921-84-8446,SPZ3,Tembisa,Normal,Female,Tastic Rice 2kg,45.08,1,2.254,47.334,9/7/2026,7:07:09 AM,Card,45.08,19.182828411,9.08,6.9
642-26-2444,SPZ1,Soweto,Member,Male,Lucky Star Pilchards 400g,23.33,1,1.1665,24.4965,9/17/2026,3:39:55 PM,Cash,23.33,19.717102443,4.83,6.8
619-24-9841,SPZ3,Tembisa,Normal,Female,Freshpak Rooibos 80s,30.52,1,1.526,32.046,8/8/2026,7:48:43 PM,Cash,30.52,23.466267241,7.52,6.2
481-22-2512,SPZ2,Khayelitsha,Member,Female,Nescafe Ricoffy 250g,56.41,4,11.282,236.922,9/2/2026,6:45:07 PM,Ewallet,225.64,22.640362651,53.64,7.3
347-67-7798,SPZ3,Tembisa,Normal,Female,Boxer Sugar 2kg,39.25,2,3.925,82.425,9/5/2026,10:30:09 AM,Card,78.5,17.591750076,14.5,7.1
605-11-4504,SPZ3,Tembisa,Normal,Female,Boxer Sugar 2kg,39.84,2,3.984,83.664,7/17/2026,1:14:56 PM,Ewallet,79.68,18.741633199,15.68,9.1
629-28-1687,SPZ1,Soweto,Normal,Female,Albany White Bread 700g,17.07,2,1.707,35.847,8/23/2026,9:13:59 AM,Cash,34.14,22.70761849,8.14,9.6
110-92-2453,SPZ3,Tembisa,Normal,Female,Joko Tea 100s,32.47,3,4.8705,102.2805,9/17/2026,10:57:28 AM,Ewallet,97.41,21.910334815,22.41,4.7
929-29-2024,SPZ3,Tembisa,Normal,Male,Peermont Cigarettes Single,4.01,2,0.401,8.421,9/21/2026,4:11:58 PM,Card,8.02,23.987649923,2.02,4.5
733-58-5324,SPZ1,Soweto,Normal,Male,Joko Tea 100s,33.78,1,1.689,35.469,10/3/2026,7:55:32 PM,Ewallet,33.78,24.754010544,8.78,7.2
475-81-1613,SPZ3,Tembisa,Member,Male,Omo Washing Powder 500g,27.18,4,5.436,114.156,9/19/2026,9:10:30 AM,Cash,108.72,21.654577946,24.72,8.3
421-20-9279,SPZ2,Khayelitsha,Normal,Male,Lucky Star Pilchards 400g,24.36,1,1.218,25.578,7/23/2026,7:03:10 PM,Card,24.36,22.910313551,5.86,4.7
678-95-9632,SPZ1,Soweto,Member,Male,Clover Yoghurt 175g,9.19,1,0.4595,9.6495,9/4/2026,8:31:49 AM,Cash,9.19,29.949738328,2.89,9.5
947-56-2432,SPZ3,Tembisa,Normal,Female,Tastic Rice 2kg,45.31,2,4.531,95.151,8/26/2026,10:46:12 AM,Ewallet,90.62,19.568895755,18.62,8.6
407-12-3446,SPZ1,Soweto,Normal,Male,Koo Baked Beans 410g,16.09,8,6.436,135.156,8/28/2026,10:59:44 AM,Card,128.72,27.168605167,36.72,5.6
365-72-4377,SPZ3,Tembisa,Member,Male,Albany White Bread 700g,18.02,1,0.901,18.921,7/14/2026,3:30:35 PM,Card,18.02,26.531367264,5.02,9.5
847-90-2844,SPZ1,Soweto,Normal,Female,Coca-Cola 500ml,15.21,1,0.7605,15.9705,9/29/2026,12:47:56 PM,Ewallet,15.21,29.491875646,4.71,7.3
411-43-2820,SPZ1,Soweto,Normal,Male,Peermont Cigarettes Single,3.99,1,0.1995,4.1895,9/22/2026,3:58:35 PM,Cash,3.99,23.630504834,0.99,7.0
687-31-9621,SPZ2,Khayelitsha,Normal,Female,Joko Tea 100s,33.37,2,3.337,70.077,9/24/2026,11:15:02 AM,Ewallet,66.74,23.888008904,16.74,9.4
753-83-3960,SPZ3,Tembisa,Member,Female,Omo Washing Powder 500g,28.58,3,4.287,90.027,9/8/2026,10:16:31 AM,Card,85.74,25.25908894,22.74,8.1
405-86-7738,SPZ1,Soweto,Member,Female,Simba Chips 120g,17.54,1,0.877,18.417,10/2/2026,10:22:29 AM,Ewallet,17.54,25.737090731,4.74,8.9
370-62-2732,SPZ3,Tembisa,Member,Male,Joko Tea 100s,32.69,1,1.6345,34.3245,9/30/2026,12:33:28 PM,Ewallet,32.69,22.403822343,7.69,4.5
906-20-5002,SPZ1,Soweto,Normal,Male,Tastic Rice 2kg,45.90,6,13.77,289.17,10/2/2026,5:50:12 PM,Cash,275.4,20.541549953,59.4,8.4
114-81-1733,SPZ1,Soweto,Member,Female,Russell's Polony 500g,25.50,1,1.275,26.775,9/27/2026,7:47:28 PM,Ewallet,25.5,22.408963585,6.0,9.5
496-75-5254,SPZ3,Tembisa,Normal,Female,Tastic Rice 2kg,45.68,3,6.852,143.892,8/8/2026,6:08:22 PM,Ewallet,137.04,20.181803019,29.04,4.3
970-23-5724,SPZ3,Tembisa,Normal,Female,Long Life Milk 1L,21.58,10,10.79,226.59,9/2/2026,12:41:57 PM,Ewallet,215.8,20.212719008,45.8,8.3
650-85-8280,SPZ1,Soweto,Normal,Female,Airtime Voucher R10,10.04,8,4.016,84.336,9/23/2026,8:30:56 AM,Card,80.32,7.96812749,6.72,6.0
427-46-5975,SPZ3,Tembisa,Normal,Male,Coca-Cola 500ml,15.38,1,0.769,16.149,9/29/2026,5:07:34 PM,Cash,15.38,30.218589386,4.88,6.2
438-21-3249,SPZ3,Tembisa,Member,Male,Boxer Sugar 2kg,40.15,4,8.03,168.63,8/17/2026,7:38:16 AM,Ewallet,160.6,19.332265908,32.6,8.9
583-15-2981,SPZ1,Soweto,Normal,Male,Sunlight Dishwashing 400ml,20.18,1,1.009,21.189,7/25/2026,7:31:53 PM,Cash,20.18,24.446646845,5.18,8.9
402-96-8939,SPZ3,Tembisa,Member,Female,Russell's Polony 500g,25.37,3,3.8055,79.9155,9/30/2026,7:44:02 PM,Card,76.11,22.035775288,17.61,4.9
312-85-9065,SPZ3,Tembisa,Normal,Female,Peermont Cigarettes Single,3.92,2,0.392,8.232,10/2/2026,1:55:40 PM,Cash,7.84,22.351797862,1.84,7.7
641-75-2007,SPZ1,Soweto,Normal,Female,Koo Baked Beans 410g,16.02,5,4.005,84.105,9/8/2026,10:29:00 AM,Cash,80.1,26.871172939,22.6,8.3
320-72-5825,SPZ2,Khayelitsha,Normal,Male,Freshpak Rooibos 80s,29.32,1,1.466,30.786,9/8/2026,7:02:43 PM,Ewallet,29.32,20.528811798,6.32,5.9
634-24-6242,SPZ2,Khayelitsha,Member,Female,Tastic Rice 2kg,44.08,3,6.612,138.852,8/25/2026,3:44:32 PM,Ewallet,132.24,17.457436695,24.24,9.8
478-27-1113,SPZ1,Soweto,Member,Male,Freshpak Rooibos 80s,30.71,6,9.213,193.473,9/2/2026,12:23:29 PM,Card,184.26,23.910313067,46.26,8.6
425-97-1119,SPZ1,Soweto,Normal,Female,Boxer Sugar 2kg,39.12,3,5.868,123.228,8/27/2026,9:42:30 AM,Cash,117.36,17.333722855,21.36,6.5
768-12-9985,SPZ1,Soweto,Member,Male,Chappies Bubblegum Pack,5.12,1,0.256,5.376,9/26/2026,10:48:45 AM,Cash,5.12,35.714285714,1.92,6.4
865-30-3944,SPZ1,Soweto,Member,Male,White Star Maize Meal 2kg,35.25,3,5.2875,111.0375,8/23/2026,1:40:47 PM,Cash,105.75,22.289766971,24.75,8.6
392-29-2098,SPZ1,Soweto,Member,Male,Lucky Star Pilchards 400g,23.55,1,1.1775,24.7275,7/24/2026,3:46:05 PM,Cash,23.55,20.42260641,5.05,9.5
138-22-3065,SPZ1,Soweto,Member,Female,Coca-Cola 500ml,15.04,4,3.008,63.168,8/30/2026,7:19:06 PM,Card,60.16,28.748733536,18.16,6.0
847-42-3599,SPZ2,Khayelitsha,Member,Male,Long Life Milk 1L,21.54,4,4.308,90.468,9/18/2026,7:54:44 PM,Card,86.16,20.073396118,18.16,4.2
631-26-7835,SPZ2,Khayelitsha,Normal,Female,Nescafe Ricoffy 250g,53.38,5,13.345,280.245,7/25/2026,5:23:44 PM,Cash,266.9,18.519509715,51.9,9.4
320-96-8478,SPZ3,Tembisa,Member,Male,Tastic Rice 2kg,45.83,1,2.2915,48.1215,8/14/2026,2:26:13 PM,Cash,45.83,20.427459659,9.83,9.1
768-21-6668,SPZ2,Khayelitsha,Member,Male,Koo Baked Beans 410g,15.95,6,4.785,100.485,9/8/2026,6:06:49 PM,Ewallet,95.7,26.571130019,26.7,8.2
930-28-3172,SPZ1,Soweto,Member,Male,White Star Maize Meal 2kg,35.54,3,5.331,111.951,8/14/2026,8:56:19 PM,Card,106.62,22.885012193,25.62,8.5
510-21-5888,SPZ3,Tembisa,Member,Male,Peermont Cigarettes Single,3.94,2,0.394,8.274,9/19/2026,6:49:42 PM,Ewallet,7.88,22.721779067,1.88,8.6
750-79-6611,SPZ1,Soweto,Member,Male,Albany White Bread 700g,17.89,1,0.8945,18.7845,8/26/2026,8:18:26 AM,Cash,17.89,26.032100934,4.89,7.1
853-94-1002,SPZ2,Khayelitsha,Member,Female,Five Roses Tea 100s,39.00,3,5.85,122.85,8/17/2026,1:09:45 PM,Cash,117.0,24.42002442,30.0,9.7
345-13-9519,SPZ3,Tembisa,Member,Male,Omo Washing Powder 500g,27.35,1,1.3675,28.7175,7/20/2026,9:59:51 AM,Ewallet,27.35,22.111952642,6.35,7.2
284-20-2223,SPZ3,Tembisa,Member,Female,Boxer Sugar 2kg,40.51,4,8.102,170.142,8/15/2026,7:05:37 AM,Cash,162.04,20.006817835,34.04,8.8
406-77-7203,SPZ2,Khayelitsha,Member,Female,Airtime Voucher R10,10.12,3,1.518,31.878,8/19/2026,3:22:59 PM,Cash,30.36,8.658008658,2.76,5.5
490-17-4270,SPZ1,Soweto,Member,Male,Clover Yoghurt 175g,9.04,1,0.452,9.492,9/25/2026,9:06:25 AM,Cash,9.04,28.866413822,2.74,6.4
729-18-8337,SPZ2,Khayelitsha,Member,Male,Long Life Milk 1L,21.37,5,5.3425,112.1925,9/12/2026,9:19:22 AM,Cash,106.85,19.475455133,21.85,4.6
636-97-7848,SPZ3,Tembisa,Member,Female,Tastic Rice 2kg,44.05,1,2.2025,46.2525,9/23/2026,5:20:49 PM,Cash,44.05,17.404464624,8.05,7.1
176-82-5582,SPZ1,Soweto,Member,Female,Nescafe Ricoffy 250g,56.47,8,22.588,474.348,8/20/2026,8:21:48 PM,Card,451.76,22.717498545,107.76,7.7
948-15-7573,SPZ1,Soweto,Normal,Female,Nescafe Ricoffy 250g,54.98,1,2.749,57.729,9/10/2026,2:36:45 PM,Card,54.98,20.752134975,11.98,9.4
467-35-8953,SPZ3,Tembisa,Normal,Female,Five Roses Tea 100s,37.82,2,3.782,79.422,9/21/2026,9:55:33 AM,Ewallet,75.64,22.21047065,17.64,4.9
831-27-8128,SPZ2,Khayelitsha,Normal,Male,White Star Maize Meal 2kg,35.18,3,5.277,110.817,8/27/2026,7:35:13 AM,Ewallet,105.54,22.144616801,24.54,4.5
207-72-7903,SPZ3,Tembisa,Normal,Male,Tastic Rice 2kg,46.15,1,2.3075,48.4575,8/21/2026,4:13:15 PM,Ewallet,46.15,20.94618996,10.15,8.3
913-51-9059,SPZ1,Soweto,Normal,Female,Lucky Star Pilchards 400g,24.71,2,2.471,51.891,8/28/2026,3:31:21 PM,Cash,49.42,23.934786379,12.42,9.1
515-81-9126,SPZ3,Tembisa,Member,Male,Boxer Sugar 2kg,39.08,3,5.862,123.102,9/2/2026,8:00:43 PM,Ewallet,117.24,17.253984501,21.24,7.6
475-32-3271,SPZ2,Khayelitsha,Normal,Female,Peermont Cigarettes Single,4.09,1,0.2045,4.2945,9/22/2026,3:38:10 PM,Card,4.09,25.381301665,1.09,5.2
685-41-1828,SPZ3,Tembisa,Normal,Female,Albany White Bread 700g,17.30,5,4.325,90.825,9/13/2026,12:01:15 PM,Cash,86.5,23.671896504,21.5,4.6
872-70-1403,SPZ3,Tembisa,Member,Female,Russell's Polony 500g,26.13,1,1.3065,27.4365,8/13/2026,2:15:26 PM,Cash,26.13,24.164889837,6.63,4.8
151-50-1076,SPZ3,Tembisa,Member,Female,Nescafe Ricoffy 250g,55.31,2,5.531,116.151,9/19/2026,10:19:40 AM,Cash,110.62,21.196545876,24.62,8.6
709-73-6536,SPZ3,Tembisa,Normal,Male,Coca-Cola 500ml,15.30,3,2.295,48.195,8/9/2026,6:11:27 PM,Card,45.9,29.878618114,14.4,9.8
161-86-6857,SPZ3,Tembisa,Member,Male,Simba Chips 120g,18.17,8,7.268,152.628,9/30/2026,8:34:59 AM,Cash,145.36,28.146866892,42.96,7.6
997-55-8154,SPZ2,Khayelitsha,Normal,Female,Long Life Milk 1L,21.35,1,1.0675,22.4175,9/11/2026,11:28:30 AM,Ewallet,21.35,19.404483105,4.35,6.7
306-11-3852,SPZ1,Soweto,Normal,Male,Simba Chips 120g,18.42,1,0.921,19.341,9/3/2026,12:21:49 PM,Card,18.42,29.057442738,5.62,8.3
233-65-5493,SPZ2,Khayelitsha,Normal,Male,Tastic Rice 2kg,45.40,4,9.08,190.68,9/5/2026,8:46:45 AM,Ewallet,181.6,19.718900776,37.6,9.7
117-28-3117,SPZ2,Khayelitsha,Member,Male,Joko Tea 100s,33.43,3,5.0145,105.3045,9/9/2026,8:03:48 AM,Ewallet,100.29,24.016067689,25.29,6.4
509-93-9326,SPZ1,Soweto,Normal,Male,Boxer Sugar 2kg,38.81,1,1.9405,40.7505,8/22/2026,9:14:33 AM,Ewallet,38.81,16.711451393,6.81,9.8
910-99-7403,SPZ2,Khayelitsha,Member,Male,Freshpak Rooibos 80s,29.31,5,7.3275,153.8775,9/23/2026,9:43:50 AM,Ewallet,146.55,20.503322448,31.55,5.9
425-58-5915,SPZ3,Tembisa,Member,Female,Simba Chips 120g,18.24,2,1.824,38.304,7/28/2026,3:46:36 PM,Cash,36.48,28.404344194,10.88,7.6
258-53-4775,SPZ2,Khayelitsha,Member,Male,Airtime Voucher R10,10.15,2,1.015,21.315,9/9/2026,2:24:53 PM,Card,20.3,8.913910392,1.9,7.7
424-13-2133,SPZ2,Khayelitsha,Member,Female,Russell's Polony 500g,26.50,1,1.325,27.825,10/1/2026,11:24:40 AM,Ewallet,26.5,25.157232704,7.0,5.2
868-45-2370,SPZ1,Soweto,Normal,Female,Airtime Voucher R10,10.25,2,1.025,21.525,8/10/2026,10:31:08 AM,Ewallet,20.5,9.756097561,2.1,5.9
556-85-8448,SPZ1,Soweto,Normal,Female,Coca-Cola 500ml,14.76,3,2.214,46.494,9/22/2026,1:22:41 PM,Cash,44.28,27.487417731,12.78,4.0
586-47-2155,SPZ2,Khayelitsha,Member,Female,Tastic Rice 2kg,43.80,1,2.19,45.99,8/18/2026,6:13:40 PM,Ewallet,43.8,16.960208741,7.8,9.6
790-77-2169,SPZ3,Tembisa,Member,Male,Sunlight Dishwashing 400ml,19.85,2,1.985,41.685,10/1/2026,1:08:23 PM,Cash,39.7,23.269761305,9.7,9.0
172-63-3166,SPZ3,Tembisa,Normal,Male,Freshpak Rooibos 80s,29.52,2,2.952,61.992,9/3/2026,2:08:09 PM,Cash,59.04,21.034972254,13.04,8.2
857-89-5835,SPZ1,Soweto,Member,Male,White Star Maize Meal 2kg,35.84,3,5.376,112.896,9/28/2026,9:58:10 AM,Ewallet,107.52,23.490646259,26.52,8.6
701-52-4644,SPZ2,Khayelitsha,Normal,Female,Chappies Bubblegum Pack,5.07,10,2.535,53.235,8/24/2026,12:20:00 PM,Cash,50.7,35.127265896,18.7,7.7
326-22-7561,SPZ2,Khayelitsha,Normal,Female,Nescafe Ricoffy 250g,54.90,5,13.725,288.225,8/15/2026,6:27:37 PM,Ewallet,274.5,20.643594414,59.5,4.9
284-10-6610,SPZ2,Khayelitsha,Normal,Female,White Star Maize Meal 2kg,35.88,8,14.352,301.392,9/24/2026,12:48:23 PM,Cash,287.04,23.570632266,71.04,7.2
913-96-6559,SPZ3,Tembisa,Normal,Male,Chappies Bubblegum Pack,4.85,2,0.485,10.185,8/11/2026,7:19:29 AM,Cash,9.7,32.400589102,3.3,8.7
596-96-8840,SPZ3,Tembisa,Normal,Male,Joko Tea 100s,32.33,2,3.233,67.893,9/26/2026,7:44:30 PM,Card,64.66,21.592800436,14.66,5.9
684-14-9935,SPZ3,Tembisa,Normal,Male,Long Life Milk 1L,21.84,2,2.184,45.864,9/18/2026,8:24:00 PM,Ewallet,43.68,21.105878249,9.68,6.6
998-29-4565,SPZ3,Tembisa,Normal,Female,Simba Chips 120g,18.27,2,1.827,38.367,8/17/2026,12:46:25 PM,Ewallet,36.54,28.514087627,10.94,4.7
988-32-4904,SPZ3,Tembisa,Member,Female,Nescafe Ricoffy 250g,54.77,2,5.477,115.017,10/2/2026,7:31:51 PM,Ewallet,109.54,20.466539729,23.54,5.4
699-92-2719,SPZ2,Khayelitsha,Normal,Male,Tastic Rice 2kg,44.46,3,6.669,140.049,9/13/2026,4:41:47 PM,Cash,133.38,18.122228649,25.38,6.2
499-67-5010,SPZ2,Khayelitsha,Normal,Female,Sunlight Dishwashing 400ml,20.40,6,6.12,128.52,8/25/2026,7:33:04 AM,Card,122.4,25.210084034,32.4,6.3
620-92-5908,SPZ3,Tembisa,Member,Female,Lucky Star Pilchards 400g,24.50,1,1.225,25.725,8/29/2026,12:09:26 PM,Card,24.5,23.32361516,6.0,9.9
103-55-5603,SPZ1,Soweto,Member,Male,Clover Yoghurt 175g,9.08,2,0.908,19.068,9/23/2026,7:16:07 PM,Ewallet,18.16,29.158800084,5.56,7.8
132-84-2250,SPZ1,Soweto,Normal,Female,Five Roses Tea 100s,39.01,1,1.9505,40.9605,7/27/2026,6:16:38 PM,Cash,39.01,24.438178245,10.01,7.9
109-89-3609,SPZ1,Soweto,Normal,Male,Freshpak Rooibos 80s,29.73,1,1.4865,31.2165,9/9/2026,1:39:36 PM,Card,29.73,21.559111367,6.73,6.4
986-97-3817,SPZ3,Tembisa,Normal,Female,Long Life Milk 1L,21.39,1,1.0695,22.4595,9/26/2026,11:12:16 AM,Cash,21.39,19.546294441,4.39,5.6
207-27-1787,SPZ3,Tembisa,Normal,Female,Joko Tea 100s,32.31,1,1.6155,33.9255,8/30/2026,5:20:22 PM,Cash,32.31,21.547213748,7.31,7.5
998-14-8427,SPZ2,Khayelitsha,Normal,Female,Omo Washing Powder 500g,27.84,4,5.568,116.928,8/22/2026,9:44:06 AM,Card,111.36,23.399014778,27.36,9.6
543-61-4441,SPZ2,Khayelitsha,Member,Female,Koo Baked Beans 410g,16.06,2,1.606,33.726,9/30/2026,7:19:57 PM,Ewallet,32.12,27.041451699,9.12,6.1
758-34-4922,SPZ2,Khayelitsha,Member,Female,Long Life Milk 1L,22.10,4,4.42,92.82,8/14/2026,2:14:18 PM,Cash,88.4,21.978021978,20.4,4.7
740-72-2495,SPZ2,Khayelitsha,Normal,Male,Airtime Voucher R10,9.94,2,0.994,20.874,9/11/2026,12:57:54 PM,Ewallet,19.88,7.090160008,1.48,5.2
610-43-9127,SPZ3,Tembisa,Normal,Female,Lucky Star Pilchards 400g,24.27,2,2.427,50.967,8/24/2026,2:37:03 PM,Ewallet,48.54,22.642101752,11.54,8.8
220-86-2623,SPZ1,Soweto,Normal,Female,Five Roses Tea 100s,38.95,8,15.58,327.18,9/21/2026,6:15:31 PM,Card,311.6,24.329115472,79.6,9.3
204-94-5143,SPZ3,Tembisa,Normal,Male,Tastic Rice 2kg,44.21,5,11.0525,232.1025,10/3/2026,8:55:39 AM,Ewallet,221.05,17.686151593,41.05,4.5
715-24-4510,SPZ3,Tembisa,Member,Male,Lucky Star Pilchards 400g,23.93,1,1.1965,25.1265,9/17/2026,8:01:14 PM,Card,23.93,21.61065011,5.43,9.1
423-68-6576,SPZ3,Tembisa,Normal,Male,Sunlight Dishwashing 400ml,20.31,1,1.0155,21.3255,9/30/2026,5:40:24 PM,Ewallet,20.31,24.899767884,5.31,9.1
926-30-2889,SPZ2,Khayelitsha,Normal,Male,Simba Chips 120g,17.47,5,4.3675,91.7175,9/22/2026,12:05:52 PM,Cash,87.35,25.458609317,23.35,9.7
218-52-8150,SPZ3,Tembisa,Member,Female,Boxer Sugar 2kg,41.10,10,20.55,431.55,8/9/2026,8:48:43 PM,Cash,411.0,21.086780211,91.0,7.6
314-55-4761,SPZ2,Khayelitsha,Member,Female,Airtime Voucher R10,9.82,1,0.491,10.311,8/30/2026,11:06:02 AM,Ewallet,9.82,6.01299583,0.62,9.6
744-47-2229,SPZ1,Soweto,Member,Male,White Star Maize Meal 2kg,34.83,8,13.932,292.572,8/4/2026,12:18:18 PM,Card,278.64,21.410114433,62.64,5.6
668-98-2909,SPZ2,Khayelitsha,Normal,Male,Tastic Rice 2kg,45.16,8,18.064,379.344,8/29/2026,7:27:07 PM,Ewallet,361.28,19.317558733,73.28,9.6
968-58-7804,SPZ2,Khayelitsha,Member,Female,Long Life Milk 1L,21.87,2,2.187,45.927,9/1/2026,9:12:51 AM,Cash,43.74,21.207568533,9.74,9.0
780-48-1638,SPZ1,Soweto,Member,Female,Joko Tea 100s,33.72,6,10.116,212.436,8/14/2026,1:59:38 PM,Cash,202.32,24.628594024,52.32,5.9
385-62-8961,SPZ3,Tembisa,Normal,Male,Long Life Milk 1L,21.76,5,5.44,114.24,9/9/2026,6:42:51 PM,Card,108.8,20.833333333,23.8,4.5
658-15-4614,SPZ3,Tembisa,Member,Female,Russell's Polony 500g,26.64,1,1.332,27.972,9/24/2026,8:46:30 PM,Cash,26.64,25.525525526,7.14,5.2
617-78-2895,SPZ2,Khayelitsha,Member,Male,Coca-Cola 500ml,15.29,5,3.8225,80.2725,8/10/2026,12:10:24 PM,Ewallet,76.45,29.835871562,23.95,8.5
772-46-8752,SPZ3,Tembisa,Normal,Male,Nescafe Ricoffy 250g,55.62,1,2.781,58.401,8/6/2026,5:23:12 PM,Ewallet,55.62,21.60921902,12.62,9.5
657-22-6467,SPZ2,Khayelitsha,Member,Male,Albany White Bread 700g,17.15,2,1.715,36.015,8/30/2026,6:08:23 PM,Card,34.3,23.045953075,8.3,4.8
500-88-4032,SPZ3,Tembisa,Normal,Female,Clover Yoghurt 175g,9.08,1,0.454,9.534,10/1/2026,8:09:40 AM,Ewallet,9.08,29.158800084,2.78,7.8
208-89-8455,SPZ1,Soweto,Normal,Female,Simba Chips 120g,18.10,2,1.81,38.01,9/18/2026,7:21:24 PM,Card,36.2,27.887398053,10.6,9.4
365-50-6694,SPZ1,Soweto,Member,Female,Koo Baked Beans 410g,16.25,1,0.8125,17.0625,9/7/2026,1:05:57 PM,Ewallet,16.25,27.838827839,4.75,5.9
877-45-7663,SPZ1,Soweto,Member,Female,Boxer Sugar 2kg,39.11,6,11.733,246.393,9/12/2026,7:37:08 AM,Cash,234.66,17.313803558,42.66,4.3
914-42-3858,SPZ2,Khayelitsha,Member,Female,Tastic Rice 2kg,45.76,3,6.864,144.144,7/17/2026,8:23:26 AM,Ewallet,137.28,20.313020313,29.28,5.1
993-86-7980,SPZ1,Soweto,Normal,Female,Russell's Polony 500g,25.94,2,2.594,54.474,9/30/2026,6:01:23 PM,Ewallet,51.88,23.644307376,12.88,9.0
806-29-5356,SPZ3,Tembisa,Normal,Male,Russell's Polony 500g,25.47,3,3.8205,80.2305,9/20/2026,1:55:09 PM,Ewallet,76.41,22.323181334,17.91,4.3
234-33-4551,SPZ2,Khayelitsha,Normal,Male,Airtime Voucher R10,9.97,3,1.4955,31.4055,9/28/2026,7:42:23 PM,Cash,29.91,7.355399532,2.31,8.8
658-97-2398,SPZ3,Tembisa,Normal,Female,Russell's Polony 500g,26.53,2,2.653,55.713,8/13/2026,7:03:51 AM,Cash,53.06,25.236479816,14.06,7.8
992-20-4265,SPZ2,Khayelitsha,Normal,Female,White Star Maize Meal 2kg,34.18,1,1.709,35.889,9/23/2026,3:54:22 PM,Card,34.18,20.006130012,7.18,6.1
786-23-1164,SPZ3,Tembisa,Normal,Female,Clover Yoghurt 175g,9.02,2,0.902,18.942,9/22/2026,11:49:21 AM,Ewallet,18.04,28.719248231,5.44,5.5
444-48-4168,SPZ1,Soweto,Member,Male,Long Life Milk 1L,22.28,5,5.57,116.97,9/1/2026,6:28:28 PM,Card,111.4,22.569889715,26.4,4.5
394-37-5202,SPZ3,Tembisa,Normal,Female,Freshpak Rooibos 80s,29.49,10,14.745,309.645,8/1/2026,8:00:14 PM,Cash,294.9,20.959485863,64.9,4.9
865-74-3996,SPZ2,Khayelitsha,Member,Male,Five Roses Tea 100s,37.86,4,7.572,159.012,9/2/2026,6:11:18 PM,Card,151.44,22.287626091,35.44,8.6
995-29-2073,SPZ3,Tembisa,Normal,Male,Koo Baked Beans 410g,15.97,1,0.7985,16.7685,9/30/2026,7:14:54 AM,Cash,15.97,26.657124966,4.47,4.7
175-86-6724,SPZ1,Soweto,Normal,Female,Lucky Star Pilchards 400g,24.55,2,2.455,51.555,9/24/2026,3:12:26 PM,Card,49.1,23.470080497,12.1,4.4
577-74-8426,SPZ3,Tembisa,Member,Female,Chappies Bubblegum Pack,4.90,2,0.49,10.29,9/11/2026,6:36:15 PM,Card,9.8,33.041788144,3.4,8.1
523-97-2071,SPZ2,Khayelitsha,Normal,Male,Freshpak Rooibos 80s,29.58,4,5.916,124.236,9/19/2026,11:31:11 AM,Card,118.32,21.185485689,26.32,8.3
570-49-9746,SPZ2,Khayelitsha,Member,Female,Nescafe Ricoffy 250g,56.18,8,22.472,471.912,9/17/2026,2:31:28 PM,Card,449.44,22.343148723,105.44,4.1
864-69-5742,SPZ2,Khayelitsha,Normal,Male,White Star Maize Meal 2kg,34.26,3,5.139,107.919,9/12/2026,2:03:02 PM,Card,102.78,20.181803019,21.78,5.6
103-56-9033,SPZ2,Khayelitsha,Normal,Male,Coca-Cola 500ml,15.43,1,0.7715,16.2015,9/17/2026,5:48:05 PM,Cash,15.43,30.429281239,4.93,5.3
591-44-2130,SPZ1,Soweto,Member,Female,Joko Tea 100s,32.71,2,3.271,68.691,9/12/2026,4:52:16 PM,Cash,65.42,22.44835568,15.42,9.3
315-63-6335,SPZ1,Soweto,Normal,Male,Long Life Milk 1L,21.39,3,3.2085,67.3785,9/25/2026,1:48:25 PM,Ewallet,64.17,19.546294441,13.17,8.1
442-31-8644,SPZ2,Khayelitsha,Normal,Female,Koo Baked Beans 410g,15.87,1,0.7935,16.6635,8/28/2026,5:35:26 PM,Ewallet,15.87,26.224982747,4.37,7.7
680-58-6588,SPZ1,Soweto,Member,Male,Nescafe Ricoffy 250g,54.24,6,16.272,341.712,9/18/2026,9:27:34 AM,Ewallet,325.44,19.735917966,67.44,6.2
763-15-5979,SPZ3,Tembisa,Normal,Male,Peermont Cigarettes Single,3.91,1,0.1955,4.1055,8/17/2026,10:36:25 AM,Ewallet,3.91,22.165387894,0.91,7.9
516-95-8124,SPZ1,Soweto,Normal,Male,Long Life Milk 1L,22.45,3,3.3675,70.7175,9/19/2026,12:32:49 PM,Card,67.35,23.120161205,16.35,6.3
542-87-6802,SPZ2,Khayelitsha,Normal,Female,Nescafe Ricoffy 250g,54.75,1,2.7375,57.4875,9/28/2026,8:22:38 PM,Card,54.75,20.439225919,11.75,6.8
833-10-8857,SPZ1,Soweto,Member,Female,Boxer Sugar 2kg,39.92,2,3.992,83.832,7/11/2026,9:00:28 AM,Card,79.84,18.894932723,15.84,4.2
195-47-2683,SPZ2,Khayelitsha,Normal,Female,Sunlight Dishwashing 400ml,20.29,1,1.0145,21.3045,9/19/2026,7:36:33 AM,Cash,20.29,24.830434885,5.29,5.4
782-85-1881,SPZ1,Soweto,Normal,Female,Airtime Voucher R10,9.87,4,1.974,41.454,8/17/2026,7:43:51 AM,Cash,39.48,6.464997346,2.68,8.9
185-69-1488,SPZ3,Tembisa,Member,Male,Tastic Rice 2kg,44.99,2,4.499,94.479,9/25/2026,3:04:22 PM,Card,89.98,19.030684067,17.98,5.1
117-33-3725,SPZ1,Soweto,Member,Female,Clover Yoghurt 175g,8.98,5,2.245,47.145,9/2/2026,2:08:53 PM,Ewallet,44.9,28.422950472,13.4,6.6
271-99-2542,SPZ2,Khayelitsha,Member,Female,Tastic Rice 2kg,46.01,1,2.3005,48.3105,9/15/2026,3:02:47 PM,Card,46.01,20.720133304,10.01,8.3
248-43-3029,SPZ1,Soweto,Normal,Male,White Star Maize Meal 2kg,35.49,2,3.549,74.529,8/6/2026,8:45:52 AM,Cash,70.98,22.783077728,16.98,8.3
243-44-9964,SPZ1,Soweto,Normal,Male,Albany White Bread 700g,17.12,1,0.856,17.976,9/4/2026,10:44:46 AM,Card,17.12,22.919448153,4.12,7.5
869-90-9386,SPZ3,Tembisa,Member,Female,Sunlight Dishwashing 400ml,19.75,1,0.9875,20.7375,9/17/2026,8:59:32 PM,Card,19.75,22.905364678,4.75,8.2
277-72-7347,SPZ2,Khayelitsha,Normal,Female,Chappies Bubblegum Pack,5.15,2,0.515,10.815,9/30/2026,1:02:08 PM,Card,10.3,36.061026352,3.9,4.9
620-62-6870,SPZ2,Khayelitsha,Normal,Male,Freshpak Rooibos 80s,30.59,1,1.5295,32.1195,10/2/2026,10:13:18 AM,Card,30.59,23.630504834,7.59,8.3
928-77-5023,SPZ3,Tembisa,Normal,Female,Omo Washing Powder 500g,27.90,3,4.185,87.885,9/25/2026,12:59:18 PM,Cash,83.7,23.553507424,20.7,7.1
212-87-8072,SPZ3,Tembisa,Normal,Male,Five Roses Tea 100s,37.58,1,1.879,39.459,7/29/2026,1:26:48 PM,Cash,37.58,21.744088801,8.58,7.2
634-79-1565,SPZ2,Khayelitsha,Normal,Male,White Star Maize Meal 2kg,34.57,2,3.457,72.597,9/25/2026,1:33:28 PM,Ewallet,69.14,20.854856261,15.14,9.9
297-28-6170,SPZ2,Khayelitsha,Normal,Female,Joko Tea 100s,32.76,4,6.552,137.592,8/29/2026,12:53:46 PM,Card,131.04,22.559451131,31.04,7.5
228-82-9761,SPZ3,Tembisa,Member,Female,Clover Yoghurt 175g,9.25,1,0.4625,9.7125,9/19/2026,2:49:29 PM,Ewallet,9.25,30.373230373,2.95,4.1
572-90-9471,SPZ1,Soweto,Member,Female,Freshpak Rooibos 80s,29.86,2,2.986,62.706,9/3/2026,12:54:12 PM,Ewallet,59.72,21.879883903,13.72,6.2
772-81-9566,SPZ3,Tembisa,Member,Male,Sunlight Dishwashing 400ml,19.90,6,5.97,125.37,8/29/2026,3:31:37 PM,Cash,119.4,23.450586265,29.4,9.9
636-86-5000,SPZ1,Soweto,Normal,Female,Airtime Voucher R10,10.06,4,2.012,42.252,8/20/2026,6:55:18 PM,Ewallet,40.24,8.141626432,3.44,4.2
881-47-7025,SPZ1,Soweto,Member,Male,Albany White Bread 700g,17.16,5,4.29,90.09,8/14/2026,3:11:26 PM,Card,85.8,23.088023088,20.8,6.1
784-71-4515,SPZ3,Tembisa,Member,Male,Sunlight Dishwashing 400ml,19.57,8,7.828,164.388,9/14/2026,5:19:15 PM,Ewallet,156.56,22.240066185,36.56,7.3
544-23-4769,SPZ2,Khayelitsha,Normal,Female,Joko Tea 100s,33.36,1,1.668,35.028,9/27/2026,8:44:55 AM,Cash,33.36,23.866620989,8.36,9.8
726-37-7683,SPZ2,Khayelitsha,Normal,Female,White Star Maize Meal 2kg,34.55,1,1.7275,36.2775,9/9/2026,9:31:28 AM,Card,34.55,20.811797946,7.55,8.2
478-61-9864,SPZ2,Khayelitsha,Member,Male,Long Life Milk 1L,22.48,2,2.248,47.208,9/6/2026,10:09:01 AM,Cash,44.96,23.216403999,10.96,5.8
509-93-9939,SPZ1,Soweto,Normal,Male,Freshpak Rooibos 80s,30.75,1,1.5375,32.2875,9/2/2026,6:52:17 PM,Ewallet,30.75,24.003097174,7.75,4.3
919-31-9923,SPZ3,Tembisa,Normal,Female,Freshpak Rooibos 80s,29.20,3,4.38,91.98,7/21/2026,3:38:28 PM,Cash,87.6,20.221787345,18.6,5.0
521-30-2962,SPZ2,Khayelitsha,Normal,Female,Nescafe Ricoffy 250g,54.57,3,8.1855,171.8955,8/16/2026,9:20:44 AM,Ewallet,163.71,20.192500676,34.71,6.2
131-33-9985,SPZ1,Soweto,Normal,Female,Five Roses Tea 100s,37.38,1,1.869,39.249,8/10/2026,8:53:09 PM,Ewallet,37.38,21.350862442,8.38,7.4
243-64-3932,SPZ3,Tembisa,Normal,Female,Lucky Star Pilchards 400g,23.69,6,7.107,149.247,9/3/2026,8:10:16 AM,Cash,142.14,20.864741,31.14,9.0
276-17-8697,SPZ2,Khayelitsha,Normal,Female,Joko Tea 100s,32.22,2,3.222,67.662,9/7/2026,3:34:46 PM,Cash,64.44,21.341373297,14.44,8.8
353-92-7809,SPZ2,Khayelitsha,Member,Female,Long Life Milk 1L,21.45,3,3.2175,67.5675,9/7/2026,6:18:44 PM,Ewallet,64.35,19.758019758,13.35,6.4
221-58-7786,SPZ1,Soweto,Member,Female,Simba Chips 120g,17.79,3,2.6685,56.0385,9/13/2026,10:29:37 AM,Ewallet,53.37,26.713777135,14.97,7.3
717-85-7455,SPZ3,Tembisa,Normal,Female,Peermont Cigarettes Single,4.07,2,0.407,8.547,9/29/2026,11:56:20 AM,Card,8.14,25.038025038,2.14,4.7
807-12-7982,SPZ2,Khayelitsha,Normal,Male,Freshpak Rooibos 80s,30.71,2,3.071,64.491,9/23/2026,4:30:07 PM,Ewallet,61.42,23.910313067,15.42,9.7
522-17-7857,SPZ1,Soweto,Member,Male,Omo Washing Powder 500g,28.11,1,1.4055,29.5155,7/21/2026,6:39:12 PM,Ewallet,28.11,24.089037963,7.11,7.1
505-85-7481,SPZ3,Tembisa,Normal,Female,Lucky Star Pilchards 400g,24.31,2,2.431,51.051,9/22/2026,1:38:11 PM,Ewallet,48.62,22.761552173,11.62,8.7
809-11-6981,SPZ3,Tembisa,Member,Male,Boxer Sugar 2kg,39.41,2,3.941,82.761,9/19/2026,4:23:18 PM,Ewallet,78.82,17.906985174,14.82,5.2
189-38-7984,SPZ3,Tembisa,Normal,Male,Coca-Cola 500ml,14.65,2,1.465,30.765,9/9/2026,6:35:03 PM,Card,29.3,26.978709573,8.3,5.7
638-57-6757,SPZ3,Tembisa,Member,Male,Coca-Cola 500ml,14.60,3,2.19,45.99,9/27/2026,2:05:57 PM,Card,43.8,26.744944553,12.3,9.8
448-67-5426,SPZ2,Khayelitsha,Member,Female,Koo Baked Beans 410g,15.96,4,3.192,67.032,8/8/2026,4:58:13 PM,Card,63.84,26.614154434,17.84,6.1
713-67-5724,SPZ1,Soweto,Member,Female,Albany White Bread 700g,17.57,2,1.757,36.897,9/13/2026,11:16:11 AM,Ewallet,35.14,24.771661653,9.14,4.0
446-33-2668,SPZ1,Soweto,Normal,Male,Chappies Bubblegum Pack,5.10,3,0.765,16.065,10/1/2026,2:33:23 PM,Ewallet,15.3,35.48085901,5.7,5.7
287-81-7871,SPZ1,Soweto,Member,Male,Five Roses Tea 100s,38.10,5,9.525,200.025,9/1/2026,10:58:56 AM,Card,190.5,22.747156605,45.5,7.7
581-57-2353,SPZ1,Soweto,Member,Female,Lucky Star Pilchards 400g,23.99,2,2.399,50.379,8/26/2026,7:34:30 AM,Cash,47.98,21.79479545,10.98,5.0
912-99-2570,SPZ2,Khayelitsha,Member,Female,Joko Tea 100s,32.39,5,8.0975,170.0475,8/12/2026,10:20:28 AM,Card,161.95,21.729222717,36.95,6.0
537-96-4126,SPZ3,Tembisa,Normal,Male,Freshpak Rooibos 80s,29.71,3,4.4565,93.5865,9/9/2026,1:09:36 PM,Ewallet,89.13,21.50951259,20.13,8.4
404-18-7093,SPZ2,Khayelitsha,Normal,Female,Long Life Milk 1L,21.43,1,1.0715,22.5015,9/2/2026,12:14:33 PM,Ewallet,21.43,19.687576384,4.43,6.0
459-22-4034,SPZ3,Tembisa,Member,Male,Joko Tea 100s,32.96,3,4.944,103.824,10/3/2026,4:25:00 PM,Cash,98.88,23.000462321,23.88,7.9
562-47-1367,SPZ3,Tembisa,Normal,Female,Freshpak Rooibos 80s,29.26,6,8.778,184.338,7/30/2026,7:02:34 AM,Ewallet,175.56,20.375614361,37.56,5.4
780-67-2951,SPZ1,Soweto,Normal,Female,White Star Maize Meal 2kg,35.52,2,3.552,74.592,9/15/2026,3:49:16 PM,Cash,71.04,22.844272844,17.04,5.3
435-10-9655,SPZ1,Soweto,Normal,Male,Sunlight Dishwashing 400ml,20.57,2,2.057,43.197,9/27/2026,11:27:20 AM,Cash,41.14,25.788827928,11.14,4.5
322-88-1949,SPZ3,Tembisa,Member,Female,Russell's Polony 500g,25.86,3,3.879,81.459,8/4/2026,11:22:56 AM,Card,77.58,23.422826207,19.08,5.0
751-80-9669,SPZ2,Khayelitsha,Member,Female,Boxer Sugar 2kg,39.84,2,3.984,83.664,7/20/2026,4:39:21 PM,Ewallet,79.68,18.741633199,15.68,7.8
941-39-5985,SPZ3,Tembisa,Normal,Male,Peermont Cigarettes Single,3.94,6,1.182,24.822,8/29/2026,2:54:42 PM,Ewallet,23.64,22.721779067,5.64,6.2
774-34-5076,SPZ1,Soweto,Member,Male,White Star Maize Meal 2kg,34.49,2,3.449,72.429,9/2/2026,1:11:27 PM,Cash,68.98,20.682323379,14.98,7.4
924-74-6782,SPZ1,Soweto,Normal,Female,Coca-Cola 500ml,15.08,3,2.262,47.502,9/6/2026,5:32:26 PM,Card,45.24,28.925097891,13.74,4.3
531-10-7558,SPZ3,Tembisa,Member,Female,Peermont Cigarettes Single,3.97,1,0.1985,4.1685,8/8/2026,5:44:48 PM,Card,3.97,23.269761305,0.97,5.7
592-53-1414,SPZ2,Khayelitsha,Member,Male,Joko Tea 100s,33.41,1,1.6705,35.0805,8/12/2026,8:13:24 AM,Ewallet,33.41,23.973432534,8.41,5.7
994-75-1935,SPZ3,Tembisa,Member,Female,Russell's Polony 500g,26.23,5,6.5575,137.7075,8/30/2026,9:02:14 AM,Cash,131.15,24.435851352,33.65,8.6
359-70-3360,SPZ2,Khayelitsha,Member,Male,Five Roses Tea 100s,37.01,5,9.2525,194.3025,9/12/2026,1:39:13 PM,Cash,185.05,20.612189756,40.05,8.0
547-75-9018,SPZ2,Khayelitsha,Normal,Male,Chappies Bubblegum Pack,4.96,2,0.496,10.416,9/20/2026,7:51:07 PM,Card,9.92,33.794162826,3.52,5.9
400-75-6233,SPZ3,Tembisa,Member,Female,Omo Washing Powder 500g,27.52,4,5.504,115.584,9/24/2026,11:32:23 AM,Card,110.08,22.563676633,26.08,4.4
343-64-2162,SPZ1,Soweto,Member,Male,Five Roses Tea 100s,37.16,5,9.29,195.09,9/9/2026,9:23:15 AM,Cash,185.8,20.913424573,40.8,5.9
620-41-7619,SPZ1,Soweto,Normal,Female,Albany White Bread 700g,17.21,2,1.721,36.141,9/7/2026,8:07:51 PM,Ewallet,34.42,23.2976398,8.42,7.5
947-70-6233,SPZ1,Soweto,Member,Male,Simba Chips 120g,18.26,4,3.652,76.692,8/14/2026,12:14:05 PM,Cash,73.04,28.47754655,21.84,6.6
867-52-6550,SPZ1,Soweto,Member,Female,Russell's Polony 500g,26.37,1,1.3185,27.6885,10/1/2026,2:59:49 PM,Card,26.37,24.811744948,6.87,7.5
718-24-5903,SPZ3,Tembisa,Normal,Female,Five Roses Tea 100s,37.54,4,7.508,157.668,8/22/2026,7:43:41 PM,Ewallet,150.16,21.665778725,34.16,5.1
393-97-9687,SPZ1,Soweto,Normal,Female,Chappies Bubblegum Pack,4.89,4,0.978,20.538,9/9/2026,2:37:36 PM,Ewallet,19.56,32.914597332,6.76,7.1
538-13-7460,SPZ2,Khayelitsha,Member,Male,Airtime Voucher R10,9.93,1,0.4965,10.4265,9/23/2026,10:00:47 AM,Ewallet,9.93,7.001390687,0.73,4.3
234-96-9919,SPZ1,Soweto,Normal,Female,Tastic Rice 2kg,45.70,3,6.855,143.955,9/7/2026,7:17:06 AM,Cash,137.1,20.214650412,29.1,7.6
768-37-8712,SPZ2,Khayelitsha,Member,Female,Long Life Milk 1L,22.20,1,1.11,23.31,9/29/2026,4:05:21 PM,Ewallet,22.2,22.308022308,5.2,5.1
207-87-7321,SPZ1,Soweto,Normal,Female,Lucky Star Pilchards 400g,23.95,1,1.1975,25.1475,9/27/2026,5:24:37 PM,Card,23.95,21.672134407,5.45,5.1
573-70-4596,SPZ1,Soweto,Member,Female,Tastic Rice 2kg,44.89,2,4.489,94.269,8/31/2026,1:42:27 PM,Cash,89.78,18.860919284,17.78,5.4
728-20-8347,SPZ2,Khayelitsha,Member,Female,Airtime Voucher R10,10.10,4,2.02,42.42,8/13/2026,4:32:22 PM,Ewallet,40.4,8.486562942,3.6,6.4
475-69-8938,SPZ3,Tembisa,Normal,Female,Five Roses Tea 100s,37.83,3,5.6745,119.1645,8/9/2026,1:58:28 PM,Ewallet,113.49,22.229774807,26.49,7.3
638-73-8815,SPZ3,Tembisa,Normal,Male,Chappies Bubblegum Pack,5.02,1,0.251,5.271,9/4/2026,7:30:25 AM,Cash,5.02,34.528552457,1.82,8.0
910-53-1659,SPZ1,Soweto,Normal,Female,Koo Baked Beans 410g,15.87,2,1.587,33.327,7/15/2026,4:44:34 PM,Ewallet,31.74,26.224982747,8.74,5.5
452-24-6337,SPZ2,Khayelitsha,Member,Male,Joko Tea 100s,32.57,2,3.257,68.397,9/3/2026,7:08:34 AM,Ewallet,65.14,22.135473778,15.14,6.3
561-86-4697,SPZ1,Soweto,Member,Male,Simba Chips 120g,18.01,1,0.9005,18.9105,9/11/2026,1:45:19 PM,Card,18.01,27.550831549,5.21,5.8
994-47-7209,SPZ2,Khayelitsha,Member,Male,Sunlight Dishwashing 400ml,19.84,2,1.984,41.664,8/2/2026,3:20:48 PM,Ewallet,39.68,23.233486943,9.68,9.6
754-99-3363,SPZ2,Khayelitsha,Member,Male,Peermont Cigarettes Single,4.08,3,0.612,12.852,9/30/2026,8:28:21 PM,Card,12.24,25.210084034,3.24,4.2
751-66-8061,SPZ1,Soweto,Member,Male,White Star Maize Meal 2kg,34.13,2,3.413,71.673,8/28/2026,4:00:55 PM,Cash,68.26,19.895916175,14.26,6.6
561-87-8372,SPZ2,Khayelitsha,Normal,Female,Chappies Bubblegum Pack,4.92,8,1.968,41.328,9/12/2026,3:25:01 PM,Ewallet,39.36,33.29461866,13.76,4.8
973-94-4047,SPZ3,Tembisa,Normal,Male,Five Roses Tea 100s,38.52,2,3.852,80.892,9/10/2026,5:04:54 PM,Cash,77.04,23.537556248,19.04,9.9
431-52-4396,SPZ3,Tembisa,Normal,Male,Russell's Polony 500g,26.12,3,3.918,82.278,8/2/2026,8:55:18 AM,Ewallet,78.36,24.137679574,19.86,5.7
370-92-4775,SPZ1,Soweto,Member,Male,Lucky Star Pilchards 400g,23.83,1,1.1915,25.0215,10/1/2026,7:59:55 PM,Card,23.83,21.301680555,5.33,7.1
865-59-6289,SPZ3,Tembisa,Member,Female,Chappies Bubblegum Pack,5.12,2,0.512,10.752,9/25/2026,1:22:32 PM,Card,10.24,35.714285714,3.84,9.6
184-60-1887,SPZ1,Soweto,Member,Male,Sunlight Dishwashing 400ml,19.94,1,0.997,20.937,9/20/2026,8:31:19 AM,Card,19.94,23.594593304,4.94,4.6
425-85-3097,SPZ3,Tembisa,Member,Female,Freshpak Rooibos 80s,30.19,1,1.5095,31.6995,10/2/2026,1:38:37 PM,Cash,30.19,22.681745769,7.19,7.0
788-25-5482,SPZ1,Soweto,Normal,Male,Albany White Bread 700g,17.08,3,2.562,53.802,9/8/2026,7:03:49 AM,Card,51.24,22.75008364,12.24,5.6
687-64-7118,SPZ1,Soweto,Member,Male,Koo Baked Beans 410g,16.17,3,2.4255,50.9355,8/4/2026,1:38:35 PM,Card,48.51,27.505374444,14.01,8.0
250-30-6587,SPZ1,Soweto,Normal,Female,Tastic Rice 2kg,43.85,6,13.155,276.255,9/20/2026,10:16:51 AM,Cash,263.1,17.049465168,47.1,9.2
834-89-4993,SPZ3,Tembisa,Member,Female,Sunlight Dishwashing 400ml,20.23,2,2.023,42.483,9/24/2026,4:15:15 PM,Cash,40.46,24.621613351,10.46,4.9
401-71-4037,SPZ2,Khayelitsha,Member,Male,Clover Yoghurt 175g,9.01,8,3.604,75.684,9/18/2026,12:13:16 PM,Ewallet,72.08,28.645420432,21.68,4.6
476-57-2217,SPZ1,Soweto,Member,Female,White Star Maize Meal 2kg,35.16,3,5.274,110.754,7/25/2026,8:13:37 PM,Cash,105.48,22.103039168,24.48,5.1
647-49-8783,SPZ2,Khayelitsha,Member,Male,Omo Washing Powder 500g,27.65,2,2.765,58.065,10/3/2026,3:44:32 PM,Ewallet,55.3,22.905364678,13.3,9.8
653-93-4882,SPZ2,Khayelitsha,Normal,Male,Tastic Rice 2kg,45.66,2,4.566,95.886,9/5/2026,8:56:07 PM,Cash,91.32,20.148926851,19.32,7.8
790-30-7924,SPZ2,Khayelitsha,Normal,Male,Koo Baked Beans 410g,15.89,1,0.7945,16.6845,9/22/2026,1:31:15 PM,Card,15.89,26.311846324,4.39,9.0
540-68-3835,SPZ1,Soweto,Member,Male,Airtime Voucher R10,10.12,2,1.012,21.252,9/15/2026,12:10:28 PM,Card,20.24,8.658008658,1.84,6.0
960-58-3116,SPZ2,Khayelitsha,Normal,Male,Five Roses Tea 100s,38.17,1,1.9085,40.0785,9/5/2026,11:06:21 AM,Cash,38.17,22.880097808,9.17,4.0
248-37-3681,SPZ1,Soweto,Normal,Male,Freshpak Rooibos 80s,29.42,1,1.471,30.891,8/9/2026,7:19:33 AM,Ewallet,29.42,20.782752258,6.42,4.7
287-71-9552,SPZ2,Khayelitsha,Normal,Male,Albany White Bread 700g,17.07,3,2.5605,53.7705,7/29/2026,8:52:22 AM,Cash,51.21,22.70761849,12.21,9.3
856-73-3323,SPZ1,Soweto,Member,Female,Koo Baked Beans 410g,16.26,3,2.439,51.219,7/28/2026,11:35:39 AM,Ewallet,48.78,27.880278803,14.28,9.7
606-74-5516,SPZ3,Tembisa,Normal,Male,Tastic Rice 2kg,46.16,1,2.308,48.468,9/20/2026,4:32:55 PM,Ewallet,46.16,20.962284394,10.16,7.2
864-91-2799,SPZ1,Soweto,Member,Male,Coca-Cola 500ml,15.37,3,2.3055,48.4155,8/12/2026,4:57:01 PM,Cash,46.11,30.17628652,14.61,7.9
233-20-4303,SPZ2,Khayelitsha,Member,Female,Simba Chips 120g,17.69,2,1.769,37.149,9/20/2026,8:59:24 PM,Ewallet,35.38,26.326415247,9.78,9.0
706-12-7827,SPZ2,Khayelitsha,Member,Female,Freshpak Rooibos 80s,29.74,3,4.461,93.681,9/4/2026,8:56:07 PM,Card,89.22,21.58388574,20.22,6.6
843-29-9380,SPZ3,Tembisa,Member,Male,Airtime Voucher R10,9.95,5,2.4875,52.2375,7/24/2026,10:36:46 AM,Ewallet,49.75,7.178750897,3.75,9.4
450-41-3640,SPZ3,Tembisa,Normal,Male,Lucky Star Pilchards 400g,24.50,1,1.225,25.725,9/29/2026,7:54:28 PM,Card,24.5,23.32361516,6.0,6.3
908-34-9494,SPZ3,Tembisa,Normal,Female,Long Life Milk 1L,22.26,5,5.565,116.865,8/13/2026,5:56:20 PM,Card,111.3,22.504599324,26.3,7.8
228-84-5502,SPZ2,Khayelitsha,Member,Female,Omo Washing Powder 500g,27.97,2,2.797,58.737,7/25/2026,11:03:15 AM,Cash,55.94,23.732911112,13.94,8.2
748-45-1987,SPZ3,Tembisa,Normal,Female,Tastic Rice 2kg,45.14,4,9.028,189.588,8/18/2026,11:59:59 AM,Ewallet,180.56,19.283920923,36.56,5.4
390-16-3821,SPZ1,Soweto,Member,Female,Omo Washing Powder 500g,27.28,3,4.092,85.932,8/15/2026,5:00:22 PM,Cash,81.84,21.924312247,18.84,4.4
682-77-4067,SPZ3,Tembisa,Normal,Male,Omo Washing Powder 500g,28.24,3,4.236,88.956,10/3/2026,11:22:51 AM,Cash,84.72,24.416565493,21.72,4.8
898-53-6038,SPZ3,Tembisa,Normal,Male,Airtime Voucher R10,10.25,10,5.125,107.625,8/21/2026,7:20:35 AM,Card,102.5,9.756097561,10.5,8.3
151-99-4015,SPZ1,Soweto,Normal,Male,Freshpak Rooibos 80s,29.48,8,11.792,247.632,9/29/2026,7:44:48 PM,Cash,235.84,20.934289591,51.84,7.8
656-67-1927,SPZ1,Soweto,Member,Male,Coca-Cola 500ml,15.38,3,2.307,48.447,9/20/2026,1:50:31 PM,Card,46.14,30.218589386,14.64,4.8
240-46-7915,SPZ3,Tembisa,Member,Male,Albany White Bread 700g,17.33,3,2.5995,54.5895,9/6/2026,9:21:56 AM,Ewallet,51.99,23.795784904,12.99,5.5
608-10-6770,SPZ1,Soweto,Normal,Female,Peermont Cigarettes Single,4.04,4,0.808,16.968,8/13/2026,10:36:49 AM,Cash,16.16,24.516737388,4.16,8.8
244-93-2925,SPZ1,Soweto,Member,Male,Sunlight Dishwashing 400ml,20.14,3,3.021,63.441,9/3/2026,11:43:00 AM,Ewallet,60.42,24.306048139,15.42,8.8
187-81-2820,SPZ3,Tembisa,Normal,Female,Peermont Cigarettes Single,4.08,8,1.632,34.272,10/3/2026,11:53:37 AM,Ewallet,32.64,25.210084034,8.64,5.9
382-38-4345,SPZ1,Soweto,Member,Female,Airtime Voucher R10,9.82,3,1.473,30.933,9/3/2026,11:17:52 AM,Cash,29.46,6.01299583,1.86,5.2
180-99-4508,SPZ2,Khayelitsha,Member,Female,Albany White Bread 700g,17.04,1,0.852,17.892,9/12/2026,12:55:48 PM,Cash,17.04,22.579923988,4.04,5.2
600-51-9221,SPZ1,Soweto,Normal,Female,Simba Chips 120g,17.65,3,2.6475,55.5975,8/10/2026,8:45:15 AM,Ewallet,52.95,26.170241468,14.55,6.0
455-15-5648,SPZ3,Tembisa,Normal,Female,White Star Maize Meal 2kg,35.10,2,3.51,73.71,8/6/2026,1:11:51 PM,Card,70.2,21.978021978,16.2,9.4
461-68-3150,SPZ3,Tembisa,Normal,Male,Peermont Cigarettes Single,4.02,5,1.005,21.105,9/8/2026,3:53:20 PM,Cash,20.1,24.164889837,5.1,5.3
780-25-7887,SPZ1,Soweto,Normal,Male,Chappies Bubblegum Pack,5.09,2,0.509,10.689,9/20/2026,6:25:35 PM,Ewallet,10.18,35.36345776,3.78,7.1
589-17-6012,SPZ2,Khayelitsha,Normal,Male,Freshpak Rooibos 80s,30.14,2,3.014,63.294,10/2/2026,7:01:30 PM,Ewallet,60.28,22.561380226,14.28,8.9
100-88-3855,SPZ3,Tembisa,Member,Male,Long Life Milk 1L,21.49,4,4.298,90.258,8/28/2026,5:46:19 PM,Card,85.96,19.898513151,17.96,8.6
359-30-7549,SPZ2,Khayelitsha,Normal,Male,Omo Washing Powder 500g,27.92,1,1.396,29.316,9/23/2026,4:45:40 PM,Cash,27.92,23.604857416,6.92,9.3
239-72-3991,SPZ3,Tembisa,Member,Female,Koo Baked Beans 410g,15.84,1,0.792,16.632,8/22/2026,10:39:07 AM,Card,15.84,26.094276094,4.34,9.8
685-43-4701,SPZ3,Tembisa,Normal,Male,Airtime Voucher R10,9.86,2,0.986,20.706,8/20/2026,7:59:13 PM,Cash,19.72,6.374963779,1.32,5.5
749-98-9409,SPZ1,Soweto,Member,Male,Five Roses Tea 100s,38.87,2,3.887,81.627,9/8/2026,1:59:28 PM,Cash,77.74,24.183174685,19.74,9.7
553-10-3037,SPZ2,Khayelitsha,Member,Female,Freshpak Rooibos 80s,29.57,2,2.957,62.097,9/30/2026,3:58:29 PM,Cash,59.14,21.160442533,13.14,9.9
547-77-7467,SPZ3,Tembisa,Normal,Male,Koo Baked Beans 410g,15.91,5,3.9775,83.5275,8/19/2026,11:01:25 AM,Ewallet,79.55,26.398491515,22.05,4.9
457-48-8758,SPZ1,Soweto,Normal,Male,Albany White Bread 700g,17.72,8,7.088,148.848,9/16/2026,6:59:33 PM,Card,141.76,25.368160808,37.76,8.4
664-59-8540,SPZ2,Khayelitsha,Member,Female,White Star Maize Meal 2kg,34.30,1,1.715,36.015,8/20/2026,7:53:12 PM,Card,34.3,20.269332223,7.3,5.8
712-12-1975,SPZ2,Khayelitsha,Normal,Female,Nescafe Ricoffy 250g,55.51,8,22.204,466.284,9/8/2026,7:28:30 AM,Card,444.08,21.463314203,100.08,9.2
767-17-9418,SPZ3,Tembisa,Member,Female,Airtime Voucher R10,9.98,1,0.499,10.479,8/8/2026,7:43:34 PM,Card,9.98,7.443458345,0.78,7.3
244-12-9663,SPZ1,Soweto,Member,Female,Airtime Voucher R10,9.96,1,0.498,10.458,9/26/2026,7:22:56 PM,Cash,9.96,7.267163894,0.76,6.8
807-97-7345,SPZ2,Khayelitsha,Member,Male,Joko Tea 100s,32.65,3,4.8975,102.8475,9/4/2026,7:52:08 AM,Cash,97.95,22.314591993,22.95,4.2
355-78-4470,SPZ1,Soweto,Member,Male,Chappies Bubblegum Pack,4.91,2,0.491,10.311,9/29/2026,3:42:50 PM,Ewallet,9.82,33.168460867,3.42,6.2
343-66-3542,SPZ1,Soweto,Member,Female,White Star Maize Meal 2kg,35.28,1,1.764,37.044,9/20/2026,10:15:34 AM,Card,35.28,22.351797862,8.28,9.4
150-49-8856,SPZ2,Khayelitsha,Member,Female,Simba Chips 120g,17.81,2,1.781,37.401,9/3/2026,10:10:22 AM,Card,35.62,26.790727521,10.02,5.3
438-59-2682,SPZ2,Khayelitsha,Member,Male,Simba Chips 120g,17.83,1,0.8915,18.7215,9/10/2026,4:20:33 PM,Cash,17.83,26.867505275,5.03,7.1
263-98-6934,SPZ1,Soweto,Normal,Female,Russell's Polony 500g,26.44,2,2.644,55.524,9/8/2026,6:48:31 PM,Card,52.88,24.998198977,13.88,5.3
281-38-3795,SPZ1,Soweto,Member,Male,Airtime Voucher R10,9.98,5,2.495,52.395,8/1/2026,9:38:57 AM,Ewallet,49.9,7.443458345,3.9,9.1
387-38-1787,SPZ3,Tembisa,Normal,Male,Albany White Bread 700g,17.98,5,4.495,94.395,9/24/2026,2:17:27 PM,Cash,89.9,26.378515811,24.9,9.6
915-32-5458,SPZ2,Khayelitsha,Member,Female,White Star Maize Meal 2kg,35.96,1,1.798,37.758,9/30/2026,3:39:56 PM,Card,35.96,23.730070449,8.96,9.8
727-68-4214,SPZ1,Soweto,Member,Male,Joko Tea 100s,32.73,1,1.6365,34.3665,9/4/2026,9:51:30 AM,Ewallet,32.73,22.492834592,7.73,7.1
632-89-7194,SPZ3,Tembisa,Normal,Female,Nescafe Ricoffy 250g,55.72,2,5.572,117.012,8/29/2026,12:51:19 PM,Ewallet,111.44,21.741359861,25.44,6.9
827-79-1104,SPZ2,Khayelitsha,Normal,Male,Sunlight Dishwashing 400ml,19.87,2,1.987,41.727,9/18/2026,3:57:54 PM,Cash,39.74,23.342200494,9.74,5.2
540-66-5436,SPZ1,Soweto,Normal,Female,Five Roses Tea 100s,37.36,2,3.736,78.456,9/25/2026,11:49:58 AM,Cash,74.72,21.311308249,16.72,6.4
108-67-3522,SPZ3,Tembisa,Normal,Female,Joko Tea 100s,33.10,1,1.655,34.755,9/21/2026,5:24:25 PM,Cash,33.1,23.305999137,8.1,5.7
386-14-9219,SPZ1,Soweto,Member,Female,Boxer Sugar 2kg,40.22,1,2.011,42.231,8/9/2026,7:24:45 AM,Ewallet,40.22,19.464374512,8.22,6.3
769-47-4638,SPZ2,Khayelitsha,Member,Male,Tastic Rice 2kg,46.20,1,2.31,48.51,9/29/2026,5:38:24 PM,Ewallet,46.2,21.026592455,10.2,6.0
511-95-8672,SPZ3,Tembisa,Normal,Male,Russell's Polony 500g,26.24,3,3.936,82.656,9/23/2026,9:59:27 AM,Ewallet,78.72,24.462833914,20.22,5.7
401-13-6060,SPZ2,Khayelitsha,Member,Male,Long Life Milk 1L,21.62,1,1.081,22.701,10/2/2026,11:15:43 AM,Ewallet,21.62,20.351526364,4.62,6.0
979-67-8993,SPZ1,Soweto,Normal,Male,Clover Yoghurt 175g,8.74,1,0.437,9.177,8/28/2026,8:59:04 PM,Card,8.74,26.588209655,2.44,6.0
278-18-4371,SPZ1,Soweto,Member,Male,Peermont Cigarettes Single,4.10,1,0.205,4.305,8/23/2026,8:29:01 AM,Ewallet,4.1,25.551684088,1.1,6.7
170-80-4065,SPZ2,Khayelitsha,Normal,Male,Lucky Star Pilchards 400g,23.54,1,1.177,24.717,9/10/2026,8:03:19 PM,Ewallet,23.54,20.390824129,5.04,9.9
405-55-2180,SPZ1,Soweto,Normal,Male,Omo Washing Powder 500g,27.97,2,2.797,58.737,9/3/2026,9:21:05 AM,Cash,55.94,23.732911112,13.94,9.1
855-22-6635,SPZ1,Soweto,Member,Male,Peermont Cigarettes Single,4.01,4,0.802,16.842,9/18/2026,2:59:41 PM,Ewallet,16.04,23.987649923,4.04,6.0
760-13-8008,SPZ1,Soweto,Member,Male,Lucky Star Pilchards 400g,23.44,5,5.86,123.06,8/28/2026,4:10:33 PM,Card,117.2,20.071509833,24.7,5.9
296-32-9208,SPZ2,Khayelitsha,Member,Male,Tastic Rice 2kg,45.16,3,6.774,142.254,8/12/2026,4:52:30 PM,Cash,135.48,19.317558733,27.48,9.2
249-84-5133,SPZ2,Khayelitsha,Normal,Female,Five Roses Tea 100s,37.59,2,3.759,78.939,9/24/2026,8:07:15 AM,Card,75.18,21.763640279,17.18,5.2
860-34-4974,SPZ2,Khayelitsha,Normal,Female,Chappies Bubblegum Pack,5.09,3,0.7635,16.0335,8/20/2026,1:16:47 PM,Ewallet,15.27,35.36345776,5.67,6.6
395-68-7106,SPZ2,Khayelitsha,Member,Male,Freshpak Rooibos 80s,29.17,3,4.3755,91.8855,8/14/2026,1:18:58 PM,Card,87.51,20.144636531,18.51,10.0
770-48-1656,SPZ2,Khayelitsha,Member,Female,Nescafe Ricoffy 250g,56.16,1,2.808,58.968,9/6/2026,7:34:29 AM,Cash,56.16,22.317188984,13.16,5.0
936-73-7033,SPZ1,Soweto,Normal,Male,White Star Maize Meal 2kg,34.41,2,3.441,72.261,8/28/2026,8:08:38 AM,Ewallet,68.82,20.508988251,14.82,8.3
465-96-9886,SPZ1,Soweto,Member,Female,Airtime Voucher R10,9.99,6,2.997,62.937,10/1/2026,4:52:29 PM,Cash,59.94,7.531340865,4.74,4.3
902-46-5458,SPZ3,Tembisa,Normal,Female,Sunlight Dishwashing 400ml,19.94,3,2.991,62.811,7/17/2026,7:05:37 AM,Cash,59.82,23.594593304,14.82,9.3
119-88-3728,SPZ3,Tembisa,Member,Female,Koo Baked Beans 410g,16.07,3,2.4105,50.6205,8/20/2026,4:45:45 PM,Cash,48.21,27.083888938,13.71,5.9
609-50-7714,SPZ3,Tembisa,Normal,Female,Nescafe Ricoffy 250g,55.99,1,2.7995,58.7895,9/26/2026,10:20:37 AM,Ewallet,55.99,22.09578241,12.99,6.2
711-24-5066,SPZ3,Tembisa,Member,Female,Chappies Bubblegum Pack,5.13,5,1.2825,26.9325,9/7/2026,7:40:41 PM,Card,25.65,35.830316532,9.65,10.0
687-62-1045,SPZ2,Khayelitsha,Normal,Male,Freshpak Rooibos 80s,30.24,2,3.024,63.504,8/29/2026,7:54:06 AM,Card,60.48,22.801713278,14.48,4.8
180-36-9571,SPZ1,Soweto,Normal,Female,Sunlight Dishwashing 400ml,20.00,2,2.0,42.0,8/26/2026,7:05:12 AM,Cash,40.0,23.80952381,10.0,8.6
390-36-8752,SPZ3,Tembisa,Member,Female,Koo Baked Beans 410g,16.29,1,0.8145,17.1045,8/27/2026,12:23:24 PM,Card,16.29,28.004326347,4.79,6.0
509-39-4610,SPZ3,Tembisa,Member,Male,Lucky Star Pilchards 400g,24.11,2,2.411,50.631,9/28/2026,7:29:38 AM,Card,48.22,22.160336553,11.22,8.7
567-31-5356,SPZ1,Soweto,Member,Male,Chappies Bubblegum Pack,5.08,1,0.254,5.334,10/3/2026,7:57:26 PM,Ewallet,5.08,35.245594301,1.88,9.3
